Data,preco_soja_usd_log_ret,petroleo_wti_usd_log_ret,dxy_index_log_ret,taxa_cambio_usd_brl_log_ret,Precip_Brasil_Media_mm,Precip_EUA_Media_mm,ONI,cvol_proxy_diff,imports_1000MT,Estoque_USA_MT,Estoque_Brasil_MT_diff,Estoque_Argentina_MT_diff
2000-02-01,-0.013376468957702926,0.09616496500941045,0.007486412600958635,-0.009009069942365968,196.6,37.0,0.199,-0.09147726985665372,842.4381625441697,0.4425457685664941,0.14829446064139928,0.06279720279720291
2000-03-01,0.08459782665234647,-0.12330267730108628,-0.004542021434501009,-0.016251248605591965,183.6,60.4,0.084,0.47425690523394337,877.5397526501769,0.3726701208981002,0.3707361516034985,0.1883916083916085
2000-04-01,-0.0354514736990953,-0.0440800844398128,0.04361021308013843,0.03696287617498449,160.2,85.0,0.318,0.8162644502186254,912.641342756184,0.314440414507772,0.3707361516034985,0.3139860139860139
2000-05-01,-0.017241806434506103,0.11959439596533222,-0.012792572116560891,0.010471299867295437,106.3,109.5,0.832,-0.7544406390369858,994.5450530035336,0.2678566493955095,0.2224416909620992,0.2511888111888112
2000-06-01,-0.08044536521873921,0.11359949120237903,-0.017627323476014433,-0.009363880042048248,80.4,116.3,0.488,-0.37720945732814926,1076.4487632508835,0.2329188255613126,-0.17795335276967905,0.06279720279720302
2000-07-01,-0.06824520790072083,-0.16960278438617998,0.02523122617554173,-0.013090285793282216,67.4,102.7,0.248,1.0111285725162276,1111.5503533568906,0.2562107081174439,-0.19278279883381955,-0.1883916083916084
2000-08-01,0.1037336324626111,0.18850002456754697,0.027278101288288,0.022180005449788612,77.8,97.9,0.805,-0.031517537756741376,1228.5556537102475,0.3260863557858377,-0.17795335276967894,-0.18839160839160862
2000-09-01,-0.008627305477257376,-0.07132478082193017,0.00575604865755339,0.010908207425464245,114.1,83.8,0.871,-0.834112226355046,1310.4593639575976,1.164594127806563,-0.16312390670553956,-0.15071328671328676
2000-10-01,-0.06474241552098729,0.05856252920807897,0.029580234104295552,0.030187947480332673,157.8,70.8,0.422,0.25251763672976324,1345.5609540636042,1.0714265975820385,-0.1482944606413994,-0.13815384615384607
2000-11-01,0.09585380580303506,0.03367726556722639,-0.012161088251111316,0.04099040139165349,170.6,60.2,0.512,-0.5393077529249837,1380.6625441696117,0.954967184801382,-0.13346501457725957,-0.11303496503496507
2000-12-01,-0.012929071198857372,-0.23265045595362327,-0.05054456582145021,-0.01501491498839286,194.0,42.6,0.173,-0.2711835627522561,1287.058303886926,0.8152158894645941,-0.07414723032069959,-0.07535664335664338
2001-01-01,-0.08346865629286644,0.06710053488321487,0.008724155660338425,0.01071165559492781,207.1,32.2,-0.065,0.33262549387437446,688.0521201413429,0.4401295336787566,0.08360932944606408,0.07104895104895098
2001-02-01,-0.01314367224055048,-0.045324439125039,0.013391652968432442,0.03749225617606319,196.6,37.0,0.051,-1.259620770196932,660.5300353356891,0.37166493955095,0.19953352769679294,0.07882517482517493
2001-03-01,-0.056704531517356785,-0.040989344533197004,0.0467431850883845,0.050828934035579615,183.6,60.4,-0.729,-0.505187622312576,688.0521201413429,0.3129810017271157,0.49883381924198245,0.23647552447552456
2001-04-01,0.013329667083379933,0.07931095391991648,-0.013035087233647458,0.02204958416209859,160.2,85.0,-1.201,0.5166159204594862,715.5742049469967,0.2640777202072539,0.4988338192419821,0.39412587412587397
2001-05-01,0.03784693438146405,-0.003167343840946316,0.027415304584698433,0.07860876496040108,106.3,109.5,-1.065,-0.03977692007214273,779.7924028268552,0.2249550949913644,0.29930029154518967,0.31530069930069926
2001-06-01,0.06751358127636226,-0.07766625978312723,0.003018870217251951,-0.030056616176541564,80.4,116.3,-1.151,0.8581220801487461,844.0106007067138,0.1956131260794474,-0.23944023323615138,0.07882517482517515
2001-07-01,0.06080747617344929,0.0038022859497387,-0.01901921156369298,0.06796803721109501,67.4,102.7,-0.68,-0.379607940213603,871.5326855123676,0.215174438687392,-0.25939358600583096,-0.23647552447552456
2001-08-01,-0.06704450262899704,0.03174869831458027,-0.03261347153076071,0.03613655051914445,77.8,97.9,-0.839,-0.523441236002995,963.27296819788,0.2738583765112263,-0.23944023323615138,-0.23647552447552456
2001-09-01,-0.060722384676402216,-0.1491997207822473,0.0005288673547686316,0.040509933353734526,114.1,83.8,-1.152,1.6423662108201142,1027.4911660777389,0.9780656303972366,-0.21948688046647247,-0.18918041958041965
2001-10-01,-0.05173077160925625,-0.10095991234644393,0.012087385495499793,0.00969072063790255,157.8,70.8,-0.22,-3.0900639367230838,1055.0132508833922,0.8998203799654578,-0.199533527696793,-0.17341538461538464
2001-11-01,0.03665931691612477,-0.08572454114096727,0.010996257821515946,-0.07748046384657865,170.6,60.2,-0.245,-0.20941030323061227,1082.535335689046,0.8020138169257341,-0.17958017492711364,-0.14188531468531462
2001-12-01,-0.05431722127157782,0.020367302824433733,0.0053246432913403125,-0.07660839791123837,194.0,42.6,-0.144,0.9901845340652358,1009.1431095406364,0.6846459412780656,-0.09976676384839633,-0.09459020979020982
2002-01-01,0.021733601409267292,-0.01831180364233762,0.029454848895712274,0.0431904553506509,207.1,32.2,-0.671,0.24788572284474242,1418.9708480565373,0.3771761658031088,0.10136443148688046,0.0719384615384615
2002-02-01,0.012702249308481397,0.10976558347867417,-0.00902261759963753,-0.02009276469899818,196.6,37.0,-0.687,1.1090744455791395,1362.2120141342757,0.3185043177892919,0.2640233236151601,0.09606993006993003
2002-03-01,0.08887424204078034,0.19079521335913793,-0.004542021434500897,-0.017057982904576625,183.6,60.4,-0.437,0.2712127749815636,1418.9708480565373,0.2682141623488773,0.6600583090379009,0.2882097902097903
2002-04-01,-0.02983705617367649,0.03657123966804582,-0.029342167472165587,0.01536521906405614,160.2,85.0,-0.766,1.6972572709167935,1475.729681978799,0.2263056994818653,0.6600583090379006,0.48034965034965027
2002-05-01,0.09585086648957054,-0.07532076016321446,-0.029781936779138225,0.06437967751877938,106.3,109.5,-0.386,0.7542468793145929,1608.1669611307425,0.1927789291882556,0.39603498542274096,0.384279720279721
2002-06-01,0.05310982531394833,0.05943861653805879,-0.052324710273777796,0.11238503130963892,80.4,116.3,-0.51,1.133098971661184,1740.6042402826856,0.1676338514680483,-0.3168279883381926,0.09606993006992925
2002-07-01,0.056174187284804535,0.0059391414369611975,0.01217699572445669,0.20541862213783857,67.4,102.7,-0.474,0.9130153363390008,1797.3630742049472,0.1843972366148532,-0.3432303206997085,-0.2882097902097902
2002-08-01,-0.015091276200458541,0.07002860436048355,-0.004011386506851571,-0.14015942020293606,77.8,97.9,-0.572,2.6316665190380633,1986.5591872791524,0.2346873920552677,-0.31682798833819215,-0.2882097902097902
2002-09-01,-0.0239884777250459,0.049480057263369716,-0.0010287585662987389,0.2233097885351062,114.1,83.8,0.34,0.6329885134240101,2118.996466431096,0.8381692573402417,-0.2904256559766767,-0.23056783216783217
2002-10-01,0.03510711572802594,-0.11213399693258608,-0.002154466666352158,-0.029691789807402925,157.8,70.8,0.233,0.1772042905436706,2175.7553003533567,0.7711157167530225,-0.26402332361516034,-0.2113538461538459
2002-11-01,0.023602494242364533,-0.012197526942546685,-0.0021591184168130865,0.000821580218745299,170.6,60.2,-0.26,1.884175245815257,2232.5141342756183,0.6872987910189983,-0.23762099125364422,-0.17292587412587423
2002-12-01,-0.01611182251320698,0.14866362453466334,-0.04379841478082535,-0.03142202066746233,194.0,42.6,0.147,0.14173194901964337,2081.157243816255,0.5867184801381692,-0.13201166180757995,-0.11528391608391608
2003-01-01,-0.00970453138917791,0.07142580693378232,-0.019231361927887533,-0.010221554071538139,207.1,32.2,-0.386,1.5683508833918722,1121.8860424028271,0.2377461139896373,-0.09965160349854219,-0.02349090909090934
2003-02-01,0.02278801501004056,0.08820433865810165,-0.0020038079042257106,0.018660422717402612,196.6,37.0,-0.186,-0.0989777235460707,1077.0106007067138,0.2007633851468049,0.2558454810495625,0.09855944055944066
2003-03-01,-0.004342169219289153,-0.1647715450923026,-0.0065402456806098784,-0.059434853680846104,183.6,60.4,-0.914,0.9198823134200751,1121.8860424028271,0.1690639032815198,0.6396137026239066,0.29567832167832175
2003-04-01,0.08184866783128068,-0.1849022033874462,-0.01905790164471244,-0.14463407734721537,160.2,85.0,-1.171,2.0205041448525947,1166.7614840989402,0.1426476683937824,0.6396137026239068,0.4927972027972026
2003-05-01,0.0016025644455411972,0.13604760415242917,-0.04116931277660706,0.021243045401025187,106.3,109.5,-0.741,1.9201584338738797,1271.4708480565373,0.1215146804835924,0.3837682215743454,0.3942377622377622
2003-06-01,-0.005217752154793888,0.021088647638746395,0.015532227148671128,-0.04699255433779701,80.4,116.3,-0.223,1.1364543524903041,1376.1802120141344,0.1056649395509499,-0.30701457725947634,0.09855944055944055
2003-07-01,-0.15415067982725836,0.011526556071738818,0.022545574509469615,0.04497269167497157,67.4,102.7,-0.088,0.9299076455561845,1421.0556537102475,0.1162314335060449,-0.3325991253644318,-0.2956783216783214
2003-08-01,0.11097850796204951,0.03317000277941405,0.012411052174404656,0.00369997058491903,77.8,97.9,-0.108,0.8938283304728714,1570.640459363958,0.1479309153713299,-0.3070145772594748,-0.29567832167832186
2003-09-01,0.12947907541957468,-0.07803859329566427,-0.05500207877260265,-0.029298638000910426,114.1,83.8,-0.196,0.2194944926030047,1675.349823321555,0.5283246977547496,-0.2814300291545193,-0.23654265734265745
2003-10-01,0.15935779218442106,-0.003086951516704208,-0.001293242986580041,-0.009029406719394265,157.8,70.8,-0.729,3.2790571170330054,1720.225265017668,0.4860587219343696,-0.2558454810495625,-0.21683076923076905
2003-11-01,-0.04902626380457428,0.043689743931741444,-0.02755175914358735,0.027526251929530673,170.6,60.2,-0.798,0.6565534797291548,1765.100706713781,0.4332262521588946,-0.23026093294460648,-0.17740699300699292
2003-12-01,0.04239431150082296,0.06708378299033661,-0.03715213028031839,-0.01884262667969502,194.0,42.6,-0.743,-1.5901044303987248,1645.4328621908132,0.3698272884283247,-0.12792274052478125,-0.11827132867132872
2004-01-01,0.03792807733801004,0.01616628161808529,0.003216175526705163,0.014761682400116048,207.1,32.2,-0.097,-0.7706400619789946,1709.4964664310958,0.5409326424870466,-0.024056851311953453,0.01810069930069913
2004-02-01,0.1398415211382814,0.08993196922628048,0.0012606729077824113,-0.009759515868160871,196.6,37.0,0.069,4.845205114298963,1641.1166077738517,0.4567875647668394,0.27692419825072856,0.10814685314685313
2004-03-01,0.05420681783642695,-0.011123585218662316,0.003430142855556042,-0.0034470906246212916,183.6,60.4,-0.657,0.5297837992314385,1709.4964664310958,0.3846632124352331,0.6923104956268223,0.3244405594405595
2004-04-01,0.0384473179097816,0.04430585172210361,0.03223368512959254,0.012013187205285533,160.2,85.0,-0.33,-1.0503225653382486,1777.8763250883396,0.3245595854922279,0.692310495626822,0.5407342657342655
2004-05-01,-0.2392296890658341,0.06473914306622072,-0.017054417696020823,0.0843637262991652,106.3,109.5,-0.385,20.983604972220817,1937.4293286219083,0.2764766839378238,0.4153862973760938,0.4325874125874125
2004-06-01,0.09262621487395875,-0.0736065933515418,-0.0016877641137198521,-0.032831634086951535,80.4,116.3,-0.54,-5.299307365349634,2096.9823321554773,0.2404145077720207,-0.33230903790087485,0.10814685314685324
2004-07-01,-0.3984906064089302,0.1673654656403046,0.012978477092990532,-0.015840945274302153,67.4,102.7,-0.134,3.3004406245703564,2165.362190812721,0.2644559585492227,-0.3600014577259478,-0.3244405594405597
2004-08-01,0.04524921077896267,-0.03911113011662565,-0.011403142008564519,-0.037056800956918004,77.8,97.9,0.319,1.5685776280799644,2393.295053003534,0.336580310880829,-0.33230903790087374,-0.3244405594405593
2004-09-01,-0.17414463670516936,0.16427427307063172,-0.017924473085955486,-0.023331223336514908,114.1,83.8,0.596,-0.40276018648282275,2552.848056537104,1.2020725388601037,-0.30461661807580254,-0.25955244755244755
2004-10-01,0.00094831680885926,0.041820689856238616,-0.028445639985322856,-0.00010491895020729947,157.8,70.8,0.081,0.1336103098830108,2621.227915194346,1.1059067357512953,-0.2769241982507289,-0.2379230769230769
2004-11-01,0.013650482612293425,-0.052147804012088156,-0.03707015951001966,-0.04990998511512055,170.6,60.2,-0.067,0.4748842315686943,2689.60777385159,0.9856994818652848,-0.24923177842565591,-0.1946643356643354
2004-12-01,0.02401963051306093,-0.12285899446915588,-0.011926126478136642,-0.02381064869371856,194.0,42.6,0.086,0.6480392124869638,2507.2614840989404,0.8414507772020724,-0.13846209912536422,-0.12977622377622378
2005-01-01,-0.06213763256767706,0.10374816934515352,0.033447934067540125,-0.017930886121215114,207.1,32.2,0.45,-0.6541068130398742,1876.12632508834,0.9504404145077722,-0.06791690962099128,-0.02534265734265717
2005-02-01,0.17875359971660934,0.0710654110889238,-0.013124021974404007,-0.007425538611163233,196.6,37.0,0.124,-0.1485274627976878,1801.081272084806,0.8025941278065631,0.28298833819241975,0.11113286713286719
2005-03-01,0.019308725381430757,0.06815516160775958,0.01861133146071882,0.034351987640956254,183.6,60.4,0.012,-0.6990608470108555,1876.12632508834,0.6758687392055268,0.7074708454810495,0.33339860139860145
2005-04-01,-0.013234602636469979,-0.10817232711072777,0.004391959104437905,-0.05830920744344519,160.2,85.0,-0.434,-0.42465771958120513,1951.1713780918733,0.5702642487046632,0.7074708454810497,0.5556643356643356
2005-05-01,0.09395130929388675,0.04425936237784014,0.03868302728556626,-0.048088329981069794,106.3,109.5,-0.782,1.1010047240293943,2126.276501766785,0.4857806563039724,0.4244825072886296,0.4445314685314685
2005-06-01,-0.042799324849744566,0.08357400913204481,0.015265745657653507,-0.030807973914233164,80.4,116.3,-0.223,0.8945628378996275,2301.3816254416965,0.4224179620034543,-0.3395860058309035,0.1111328671328673
2005-07-01,0.030225194681989524,0.0695590828404606,0.0026896799808084253,0.018489204499366158,67.4,102.7,0.387,-0.513332659937987,2376.42667844523,0.4646597582037997,-0.36788483965014596,-0.3333986013986021
2005-08-01,-0.13528741276446773,0.12943684009586345,-0.020008580232184704,-0.01034746852542443,77.8,97.9,0.242,0.4392582746844482,2626.576855123676,0.591385146804836,-0.3395860058309035,-0.3333986013986008
2005-09-01,-0.02327691299311905,-0.03995205101171515,0.021909402630417577,-0.055873138795131456,114.1,83.8,0.571,-0.22072446692180847,2801.681978798588,2.112089810017271,-0.3112871720116621,-0.2667188811188812
2005-10-01,-0.014938766389901142,-0.10294796925244237,0.006125081791981662,0.010850016024065623,157.8,70.8,0.544,-0.7921107342744449,2876.72703180212,1.9431226252158893,-0.28298833819241986,-0.24449230769230756
2005-11-01,-0.0120241929668017,-0.04168693786459072,0.016516561323989376,-0.021682891086988388,170.6,60.2,0.123,0.254199735198938,2951.772084805654,1.7319136442141625,-0.2546895043731777,-0.20003916083916085
2005-12-01,0.07589848292751017,0.06287978401623044,-0.0043778115228292735,0.059377164317305844,194.0,42.6,0.231,0.8899120462460246,2751.651943462898,1.4784628670120896,-0.14149416909620982,-0.1333594405594407
2006-01-01,-0.012957339068517692,0.10680115502689036,-0.024539065094539188,-0.055527085957121934,207.1,32.2,0.777,-0.6119969499446256,1903.224381625442,1.213756476683938,-0.01077113702623922,0.20771468531468518
2006-02-01,-0.023841061085756916,-0.10075785366178416,0.012844315744673838,-0.040831412888899625,196.6,37.0,0.529,0.7372237237707395,1827.095406360424,1.0249499136442144,0.31263848396501437,0.1531608391608391
2006-03-01,-0.0151945619196811,0.08158223823313797,-0.004225984936979524,0.018892690213046383,183.6,60.4,0.996,-2.415495578853637,1903.224381625442,0.8631157167530223,0.7815962099125366,0.45948251748251767
2006-04-01,0.02718614030415678,0.07584313534091248,-0.04117961260189252,-0.03623073288917134,160.2,85.0,-0.35,1.0196777511580706,1979.35335689046,0.7282538860103627,0.7815962099125364,0.7658041958041955
2006-05-01,-0.013284960759215788,-0.008241996785821088,-0.016273847414922774,0.09939643136043101,106.3,109.5,0.083,-7.041319961453397,2156.987632508834,0.6203644214162349,0.46895772594752216,0.6126433566433565
2006-06-01,0.025975486403260736,0.036362634439471644,0.005884446778614995,-0.06228807999418135,80.4,116.3,0.093,-6.385187270841186,2334.621908127209,0.5394473229706391,-0.3751661807580171,0.15316083916083967
2006-07-01,-0.025975486403260677,0.006337242270037494,0.000938306425867433,0.005341450283207528,67.4,102.7,-0.054,-1.5691657702917183,2410.7508833922266,0.593392055267703,-0.40643002915452,-0.4594825174825181
2006-08-01,-0.06643851307282259,-0.05725329500136522,-0.0029351356557626965,-0.015784076447761173,77.8,97.9,-0.001,-1.2386774573777615,2664.5141342756187,0.7552262521588947,-0.37516618075801667,-0.4594825174825172
2006-09-01,0.009635311983672092,-0.11049751325574286,0.010759079344481911,0.0143134203621163,114.1,83.8,-0.796,-1.9793845272936323,2842.1484098939936,2.6972366148531948,-0.34390233236151646,-0.36758601398601387
2006-10-01,0.1407541043773733,-0.06875446404751018,-0.0075895045832029585,-0.014593388634207945,157.8,70.8,-0.645,5.829979701848188,2918.2773851590105,2.48145768566494,-0.3126384839650147,-0.33695384615384594
2006-11-01,0.0840319329343398,0.07224542284510624,-0.028532606035570892,0.010306976429784996,170.6,60.2,-0.309,-4.617013968302672,2994.406360424028,2.21173402417962,-0.28137463556851317,-0.2756895104895103
2006-12-01,-0.00292184283836486,-0.033502891822820666,0.00960161001022007,-0.013251385352510674,194.0,42.6,0.375,-3.5431188261213578,2791.395759717316,1.8880656303972363,-0.15631924198250702,-0.18379300699300727
2007-01-01,0.05132987016341832,-0.048839305425983734,0.010574565358610538,-0.0058678727222500815,207.1,32.2,0.055,0.18692143923971116,2505.477031802121,0.4336787564766839,-0.04936734693877576,-0.10393566433566426
2007-02-01,0.07204588523775651,0.06088764394215835,-0.012367858923064771,-0.001696353248178402,196.6,37.0,-0.285,-1.659744600880316,2405.2579505300355,0.3662176165803109,0.3304081632653061,0.1460489510489511
2007-03-01,-0.015640592541072175,0.06394156357971338,-0.007687725550232285,-0.029384322085861572,183.6,60.4,-0.4,-3.9429561719613133,2505.477031802121,0.3083937823834196,0.8260204081632649,0.43814685314685353
2007-04-01,-0.04397419338884723,-0.0024319817428252186,-0.018007543415058332,-0.011822894079179514,160.2,85.0,0.086,-1.109298177401243,2605.6961130742056,0.2602072538860103,0.8260204081632647,0.7302447552447549
2007-05-01,0.10140624247472274,-0.02621179975586426,0.010381772634969855,-0.057811965162650504,106.3,109.5,0.192,-1.419329307199206,2839.540636042403,0.2216580310880829,0.4956122448979601,0.5841958041958044
2007-06-01,0.05284248137437998,0.09912332629758366,-0.004627946391826451,0.0044161651197695525,80.4,116.3,-0.078,-0.6619407788046772,3073.385159010601,0.1927461139896373,-0.3964897959183671,0.14604895104895155
2007-07-01,-0.019002947125615358,0.10123486916202423,-0.014137551836992824,-0.02466669276040423,67.4,102.7,0.151,0.14412129674136054,3173.604240282686,0.212020725388601,-0.4295306122448981,-0.43814685314685375
2007-08-01,0.039958312301603384,-0.05479202890822318,0.0002475860374124418,0.04473356918406674,77.8,97.9,0.145,-1.0160598027971446,3507.667844522969,0.2698445595854922,-0.3964897959183671,-0.4381468531468533
2007-09-01,0.13277505828870753,0.0979587981861329,-0.03874057098237804,-0.0711146414896866,114.1,83.8,0.489,3.6587603222135243,3741.512367491167,0.9637305699481864,-0.36344897959183675,-0.3505174825174824
2007-10-01,0.018738836886247483,0.1463529585458633,-0.016083355766093405,-0.053909629275623004,157.8,70.8,0.061,-1.5876297744506047,3841.73144876325,0.8866321243523316,-0.3304081632653064,-0.32130769230769207
2007-11-01,0.0670107102829603,-0.06354462190479752,-0.004324189401974983,0.034741824986590404,170.6,60.2,-0.088,1.37442202230703,3941.950530035336,0.7902590673575128,-0.29736734693877565,-0.2628881118881119
2007-12-01,0.10452683490924884,0.0787672138976041,0.0070662424355969295,-0.010172800264541652,194.0,42.6,-0.219,2.6053328834276783,3674.699646643111,0.6746113989637303,-0.16520408163265288,-0.1752587412587414
2008-01-01,0.06106606878865598,-0.04507234949541989,-0.019886083640735807,-0.011981605979475856,207.1,32.2,-0.738,-0.523372090492785,2722.924028268552,0.2923056994818652,-0.3309737609329445,-0.28675524475524494
2008-02-01,0.177471314605461,0.1043354673144714,-0.019746762934834673,-0.03907516995853316,196.6,37.0,-0.398,7.435620608590185,2614.0070671378094,0.2468359240069084,0.23766763848396488,0.10799300699300707
2008-03-01,-0.23999799919891246,-0.0025562888760521595,-0.026253999147018935,0.037709671339440545,183.6,60.4,-0.174,22.901636728516266,2722.924028268552,0.2078618307426597,0.5941690962099127,0.3239790209790211
2008-04-01,0.08368225282028961,0.11060368652532215,0.009840007329322997,-0.05512423356863639,160.2,85.0,-0.12,3.835020563311417,2831.840989399294,0.1753834196891191,0.5941690962099124,0.5399650349650349
2008-05-01,0.046345410242634694,0.11548884952704486,0.005089769568201498,-0.02171155920551976,106.3,109.5,-0.178,-0.8911513093267445,3085.980565371025,0.1494006908462866,0.356501457725948,0.43197202797202805
2008-06-01,0.163068833278473,0.09470322118383825,-0.005779567484771688,-0.013867615290610607,80.4,116.3,-0.691,4.288897665055146,3340.1201413427566,0.1299136442141623,-0.2852011661807583,0.10799300699300707
2008-07-01,-0.13969185137364643,-0.12071590374102098,0.010570487606047325,-0.02339988826677479,67.4,102.7,-0.652,5.0210891221726115,3449.037102473498,0.1429050086355785,-0.3089679300291548,-0.323979020979021
2008-08-01,-0.04675033309013543,-0.07200236923549591,0.05512317619938833,0.03941705144478719,77.8,97.9,-0.593,0.6298231367946983,3812.0936395759727,0.1818791018998272,-0.2852011661807574,-0.3239790209790212
2008-09-01,-0.242664686701423,-0.1373743566806571,0.026399543710358225,0.1567415362586698,114.1,83.8,-0.736,20.72461953446492,4066.233215547704,0.6495682210708116,-0.2614344023323616,-0.2591832167832169
2008-10-01,-0.12170819313264601,-0.3948401162563796,0.07490779605537563,0.1267292270780706,157.8,70.8,-0.58,4.273723280263425,4175.150176678445,0.5976027633851467,-0.23766763848396533,-0.23758461538461506
2008-11-01,-0.046738770662305355,-0.2197942042496421,0.010339912046757433,0.06233551409725863,170.6,60.2,-0.244,-0.919314164628986,4284.067137809187,0.5326459412780655,-0.21390087463556862,-0.19438741258741266
2008-12-01,0.0962877724318967,-0.1991816134200902,-0.06407630712425764,0.004807389236518158,194.0,42.6,0.583,3.0194269853665503,3993.621908127209,0.4546977547495681,-0.11883381924198233,-0.12959160839160844
2009-01-01,0.007939598628760949,-0.06771246158090692,0.0560693017695283,0.002373504189030455,207.1,32.2,0.478,-2.3502071057262413,3335.1148409894,0.319119170984456,0.09254810495626808,0.16600559440559393
2009-02-01,-0.11390027720596085,0.07129348599861295,0.026898173368807194,0.030311782825124,196.6,37.0,0.438,1.4192510336660291,3201.710247349824,0.2694784110535406,0.3032069970845479,0.1428601398601399
2009-03-01,0.08491274033270865,0.10388489663629596,-0.030633440931071662,-0.03164888324215179,183.6,60.4,0.277,0.12483440737176466,3335.1148409894,0.2269291882556131,0.7580174927113701,0.4285804195804197
2009-04-01,0.11684889266458655,0.02897602998925894,-0.008101964121419393,-0.056419869804003306,160.2,85.0,-0.574,0.29387253501727173,3468.5194346289763,0.1914715025906735,0.7580174927113701,0.7143006993006991
2009-05-01,0.10123988798799909,0.26016490531149694,-0.06817634906929393,-0.10501554112164263,106.3,109.5,-0.412,-0.38024223392693557,3779.7968197879854,0.1631053540587219,0.4548104956268224,0.5714405594405596
2009-06-01,0.03506219543562193,0.05258186210826131,0.011669622359403928,-0.009684071603840863,80.4,116.3,-0.265,-2.7876188041170167,4091.074204946997,0.1418307426597582,-0.3638483965014574,0.14286013986013968
2009-07-01,-0.0782095265918754,-0.006315508288684883,-0.02283866853452489,-0.045849549635925115,67.4,102.7,0.8,3.86331178013117,4224.478798586573,0.156013816925734,-0.3941690962099127,-0.4285804195804195
2009-08-01,-0.030441025501235522,0.007316580950048481,-0.002300026569790645,0.0081171010665347,77.8,97.9,0.483,0.7938855902979753,4669.16077738516,0.1985630397236615,-0.3638483965014576,-0.4285804195804199
2009-09-01,-0.17111189322060671,0.00924812737785429,-0.019636336914415905,-0.05955150883892381,114.1,83.8,0.459,5.349355348438479,4980.438162544171,0.709153713298791,-0.3335276967930032,-0.3428643356643355
2009-10-01,-0.009756174945364685,0.08663364432542846,-0.004576667027411978,-0.004526174629419991,157.8,70.8,0.307,-2.798375369022523,5113.842756183745,0.6524214162348878,-0.3032069970845479,-0.3142923076923074
2009-11-01,0.14182479381494936,0.003629768050578731,-0.020122468741443647,-0.004546754067619706,170.6,60.2,-0.252,0.48820457886719737,5247.247349823322,0.5815060449050087,-0.27288629737609327,-0.2571482517482515
2009-12-01,-0.008191282221739633,0.02655927307235488,0.04036187263334206,-0.007145950088466008,194.0,42.6,0.28,-6.780678851649611,4891.501766784453,0.4964075993091537,-0.15160349854227395,-0.17143216783216808
2010-01-01,-0.1363605380991349,-0.08504300758249579,0.02034140820414313,0.0783200543620901,207.1,32.2,0.497,-0.612501148606384,3467.6899293286224,0.454818652849741,0.15160349854227395,-0.06499020979020942
2010-02-01,0.05019875786199178,0.08881612235937644,0.011262789560280878,-0.04214913472831766,196.6,37.0,0.664,-2.2505533594209624,3328.9823321554773,0.3840690846286702,0.4002332361516032,0.14155244755244767
2010-03-01,-0.023385073082525295,0.05018798880878339,0.00879643905288205,-0.01308882758953573,183.6,60.4,0.101,-4.019957610863486,3467.6899293286224,0.323426597582038,1.0005830903790087,0.4246573426573428
2010-04-01,0.061221198832896014,0.028134396411657114,0.009819644388741111,-0.026242560125310562,160.2,85.0,0.632,-3.80276596346917,3606.397526501768,0.2728911917098445,1.0005830903790085,0.7077622377622372
2010-05-01,-0.06068964018414663,-0.15243035737416244,0.05605171207135304,0.0464441461774146,106.3,109.5,-0.118,-2.9880941520738986,3930.048586572439,0.2324628670120898,0.6003498542274057,0.5662097902097911
2010-06-01,-0.006932399807478779,0.022193424268161868,-0.006604508104119685,-0.008940456902729117,80.4,116.3,0.152,-12.587298137572219,4253.69964664311,0.2021416234887738,-0.4802798833819244,0.1415524475524479
2010-07-01,0.08165662621745147,0.04296171083371295,-0.05348612996448274,-0.028052093781504386,67.4,102.7,0.983,-5.5033085944807,4392.407243816255,0.2223557858376511,-0.5203032069970854,-0.42465734265734323
2010-08-01,-0.003210656200102086,-0.09326035053828628,0.02015365043605547,0.0005699629678378127,77.8,97.9,0.292,-3.6648701685134597,4854.765901060072,0.2829982728842833,-0.48027988338192307,-0.4246573426573428
2010-09-01,0.08712433644925961,0.10609717418043377,-0.055350095083164956,-0.03916145564978254,114.1,83.8,-0.022,-3.6734238502299092,5178.416961130743,1.0107081174438688,-0.44025655976676425,-0.3397258741258744
2010-10-01,0.11872679730627189,0.018092191135241513,-0.018591470798505486,0.008026483129294954,157.8,70.8,0.024,3.1450028542136295,5317.124558303887,0.9298514680483594,-0.4002332361516032,-0.3114153846153844
2010-11-01,0.003417075015088513,0.032381710495305895,0.04948630492886266,0.008079196220561842,170.6,60.2,-0.184,-3.1003013566546826,5455.832155477032,0.8287806563039725,-0.3602099125364433,-0.2547944055944056
2010-12-01,0.11939772432423898,0.08290117016077947,-0.026964559657471084,-0.03289672844001106,194.0,42.6,-0.749,-0.1234837430382072,5085.94522968198,0.707495682210708,-0.2001166180758014,-0.1698629370629372
2011-01-01,0.004973791322062299,0.008825028675377595,-0.016586243974755596,0.004809146629749523,207.1,32.2,-0.497,-3.0796974765787297,3924.315371024736,0.3582901554404146,-0.4885830903790088,-0.30434125874125895
2011-02-01,-0.032414713628275624,0.05054998750595193,-0.010865454198038884,-0.002221355939991476,196.6,37.0,-0.773,-1.3247157318664904,3767.342756183746,0.3025561312607945,0.2528279883381923,0.10026573426573426
2011-03-01,0.03648190202116055,0.09580692985085872,-0.013486292783336545,-0.019297886325735085,183.6,60.4,-0.352,-1.433010394700176,3924.315371024736,0.2547841105354059,0.632069970845481,0.3007972027972029
2011-04-01,-0.015472421512429991,0.06537564254271078,-0.03938945926461114,-0.033964941108684144,160.2,85.0,-0.614,-8.343088668704723,4081.2879858657257,0.2149740932642487,0.6320699708454809,0.5013286713286709
2011-05-01,-0.009001738697485816,-0.10377210777551188,0.02317647954294666,0.001583531605644442,106.3,109.5,0.19,-7.592358916475106,4447.5574204947,0.183126079447323,0.3792419825072888,0.4010629370629373
2011-06-01,-0.058561924037559804,-0.07352391684655164,-0.0045656048153749525,-0.011329762844815575,80.4,116.3,-0.18,-4.807647200656717,4813.826855123675,0.1592400690846287,-0.3033935860058312,0.10026573426573449
2011-07-01,0.03689483020786244,0.0029300983709475365,-0.0053981237695572585,-0.008485522759328335,67.4,102.7,-0.255,-0.5369640252192198,4970.799469964665,0.1751640759930915,-0.3286763848396499,-0.3007972027972028
2011-08-01,0.07295568617057357,-0.0747190421884959,0.00297257346300283,0.02562118352357517,77.8,97.9,0.147,0.21230519884746002,5494.041519434631,0.2229360967184802,-0.30339358600583055,-0.3007972027972028
2011-09-01,-0.21371646393725155,-0.11452295745003253,0.05804996328447107,0.16750897547302138,114.1,83.8,-0.389,15.099851466494528,5860.310954063606,0.7962003454231433,-0.2781107871720119,-0.24063776223776245
2011-10-01,0.03254191286327683,0.1626641209771839,-0.03076768031693337,-0.0900446630630597,157.8,70.8,-0.182,-3.49030197917736,6017.283568904593,0.732504317789292,-0.2528279883381923,-0.22058461538461527
2011-11-01,-0.06871637406043977,0.07412330170065748,0.028601108386788487,0.0516921200405283,170.6,60.2,0.396,-0.1448954833275593,6174.256183745583,0.6528842832469777,-0.2275451895043732,-0.18047832167832156
2011-12-01,0.0669685542674622,-0.015362519110128975,0.022705314442875633,0.029908262179197228,194.0,42.6,-0.366,0.2904263173870305,5755.662544169612,0.5573402417962003,-0.12641399416909616,-0.12031888111888123
2012-01-01,-0.00953469951201405,-0.0035477205118944278,-0.011162089930053392,-0.06428093301954524,207.1,32.2,-0.182,-1.871439039898874,3966.320671378093,0.297279792746114,0.029144314868804644,0.08379580419580424
2012-02-01,0.09433425506097685,0.08362934429398053,-0.006960731768716233,-0.017202987312201583,196.6,37.0,-0.024,0.7153072048353835,3807.6678445229686,0.2510362694300518,0.29482507288629745,0.120916083916084
2012-03-01,0.06084176454448929,-0.03855968203273947,0.003296566951430078,0.06153529697720136,183.6,60.4,0.296,-0.421576848222486,3966.320671378093,0.21139896373057,0.7370626822157433,0.36274825174825187
2012-04-01,0.06823740981543751,0.01779834370887467,-0.002788694924261667,0.044127956128065984,160.2,85.0,-0.287,-1.4135073168285146,4124.973498233217,0.1783678756476684,0.7370626822157436,0.6045804195804196
2012-05-01,-0.11021536604556809,-0.1922303132276663,0.05266326187481875,0.05790904012441833,106.3,109.5,-0.729,3.221192951658594,4495.163427561838,0.1519430051813471,0.442237609329446,0.48366433566433553
2012-06-01,0.09680026896164225,-0.018310617125018826,-0.017125577954314006,-0.006497877578814303,80.4,116.3,-0.302,-1.7837367358366407,4865.35335689046,0.1321243523316062,-0.3537900874635569,0.1209160839160841
2012-07-01,0.12243011235395244,0.03583784283397925,0.012296983348118464,0.023216821666158148,67.4,102.7,-0.092,1.104955732797663,5024.006183745584,0.1453367875647668,-0.38327259475218645,-0.36274825174825187
2012-08-01,0.0470432000888906,0.09121367885485449,-0.017455432517063628,-0.013411850572490823,77.8,97.9,0.035,-2.0373073473090813,5552.84893992933,0.1849740932642487,-0.35379008746355645,-0.36274825174825187
2012-09-01,-0.09719411041534681,-0.04538041437195921,-0.015762039011141985,-0.0017755861631624415,114.1,83.8,0.163,1.8634451226091642,5923.038869257952,0.6606217616580311,-0.32430758017492756,-0.29019860139860154
2012-10-01,-0.026093195934628253,-0.06671755764981604,-0.000250218942879318,0.002563724719303251,157.8,70.8,-0.158,-1.0731980037318607,6081.691696113075,0.6077720207253887,-0.29482507288629756,-0.26601538461538454
2012-11-01,-0.07374199384947228,0.030490514972360595,0.002873744715263969,0.05050269192456507,170.6,60.2,-0.017,0.5368565241822125,6240.344522968198,0.5417098445595856,-0.26534256559766767,-0.21764895104895077
2012-12-01,-0.02255520957839838,0.032205516688028374,-0.004752385132523944,-0.04187391847670317,194.0,42.6,0.105,-2.5431301305525125,5817.270318021203,0.4624352331606217,-0.14741253644314845,-0.14509930069930088
2013-01-01,0.043165572074422044,0.05991966982010429,-0.0070449404468498344,-0.028872681805864154,207.1,32.2,-0.212,-0.8389253777875467,4661.925795053005,0.1946113989637305,-0.06785714285714295,0.13566153846153828
2013-02-01,-0.014989764736887973,-0.057417900962093316,0.03400675171365054,-0.005390848634876423,196.6,37.0,0.598,-1.33322081484485,4475.448763250884,0.1643385146804835,0.30306122448979567,0.1515874125874126
2013-03-01,-0.029326629023269393,0.05474739814247883,0.015378398364956474,0.021984397769734883,183.6,60.4,0.608,-1.9293300300705312,4661.925795053005,0.1383903281519861,0.7576530612244905,0.454762237762238
2013-04-01,-0.007405380245460575,-0.039545768549285716,-0.01782189377743242,-0.011181629732186803,160.2,85.0,-0.051,-1.7539299192199138,4848.402826855125,0.1167668393782383,0.7576530612244892,0.7579370629370628
2013-05-01,0.07822663343320532,-0.016071100357673816,0.01830243198946667,0.06799954138304123,106.3,109.5,0.227,-0.38774166486068395,5283.515901060071,0.09946804835924,0.45459183673469505,0.6063496503496504
2013-06-01,-0.05495495601515239,0.04870213987466979,-0.0014423079423380506,0.041027408102549894,80.4,116.3,-0.231,-4.9007228069873605,5718.628975265018,0.0864939550949913,-0.3636734693877557,0.15158741258741282
2013-07-01,-0.13629965606213756,0.08408144684540794,-0.02053659877643718,0.019921242659644404,67.4,102.7,0.153,7.709616320007868,5905.106007067138,0.0951433506044904,-0.3939795918367355,-0.454762237762238
2013-08-01,0.08387825848862464,0.024639200175688127,0.00782687131212077,0.04698116390223038,77.8,97.9,0.571,2.4809080997764568,6526.696113074207,0.1210915371329878,-0.36367346938775436,-0.454762237762238
2013-09-01,-0.056881764075482844,-0.050682338711708,-0.023043346018268074,-0.07405316447225047,114.1,83.8,0.071,-1.0569388510309636,6961.809187279154,0.4324697754749566,-0.3333673469387759,-0.3638097902097901
2013-10-01,-0.012367600249904064,-0.05990417388647739,-0.00037404152296953034,0.01050609043980595,157.8,70.8,0.435,-1.9955157943657014,7148.286219081272,0.3978721934369601,-0.3030612244897959,-0.3334923076923073
2013-11-01,0.054858276197558925,-0.03871451218069039,0.006091894267073708,0.0421966633434081,170.6,60.2,0.47,-1.0988917826779812,7334.763250883392,0.3546252158894644,-0.2727551020408163,-0.27285734265734285
2013-12-01,-0.03626681543615118,0.059659836406336,-0.008089148707056352,0.011198039225018455,194.0,42.6,0.658,-1.6170373617958376,6837.491166077741,0.3027288428324696,-0.15153061224489783,-0.18190489510489527
2014-01-01,-0.004274739727276414,-0.009494226796652044,0.015867445840791285,0.021115153981961246,207.1,32.2,1.219,-1.6629414126365134,519.1033568904595,0.4032124352331606,0.044212827988338255,0.16560279720279725
2014-02-01,0.09662775805719032,0.05099065345844123,-0.0201249028100895,-0.03120056043214984,196.6,37.0,0.755,1.2218709397078982,498.33922261484105,0.3404905008635578,0.3571137026239066,0.18929370629370634
2014-03-01,0.03355074446186376,-0.009893796726522488,0.005131746664656628,-0.02894225225944683,183.6,60.4,0.227,-0.7223905877062435,519.1033568904595,0.2867288428324697,0.892784256559767,0.5678811188811193
2014-04-01,0.03295789527717147,-0.018279865255122506,-0.007896262122225505,-0.017498336956344247,160.2,85.0,-0.197,-5.056353543415824,539.8674911660779,0.2419274611398963,0.8927842565597666,0.946468531468531
2014-05-01,-0.013488918965313271,0.0293426830597364,0.011261380272539014,0.003711740951681902,106.3,109.5,-0.464,-2.5794221951197187,588.3171378091873,0.2060863557858376,0.5356705539358608,0.7571748251748249
2014-06-01,-0.11623674765333408,0.025568482433723377,-0.007368125747366541,-0.011944461720453126,80.4,116.3,-0.356,2.766667828035608,636.7667844522969,0.1792055267702936,-0.4285364431486882,0.18929370629370723
2014-07-01,-0.18968874096938945,-0.07077729590700625,0.02083925574300585,0.022202783799410514,67.4,102.7,-0.113,11.65457586727912,657.5309187279153,0.1971260794473229,-0.46424781341107924,-0.5678811188811195
2014-08-01,-0.06964809571972401,-0.022769231732936296,0.015711912036905768,-0.012403190857805831,77.8,97.9,0.032,-0.7798872367374798,726.7446996466433,0.250887737478411,-0.42853644314868733,-0.567881118881119
2014-09-01,-0.11565934646743285,-0.051315233594010246,0.037825364089676745,0.08953930560301654,114.1,83.8,0.353,2.2945047782302765,775.1943462897528,0.8960276338514679,-0.3928250728862981,-0.45430489510489513
2014-10-01,0.13392451773445915,-0.12386224895417534,0.011338777041379979,0.013407204972644846,157.8,70.8,0.252,5.717503761949118,795.958480565371,0.8243454231433506,-0.35711370262390685,-0.4164461538461537
2014-11-01,-0.028194706632248257,-0.19682906486234347,0.01643122316368761,0.03458603695000077,170.6,60.2,0.758,-1.4572093030534319,816.7226148409894,0.7347426597582037,-0.32140233236151583,-0.340728671328671
2014-12-01,0.008591075956658168,-0.21655156963205693,0.021385800758147052,0.03520020256011585,194.0,42.6,0.425,-1.1857728432016472,761.3515901060073,0.6272193436960275,-0.1785568513119533,-0.22715244755244757
2015-01-01,-0.06174769572079341,-0.09918476850997773,0.048964229950912666,0.009141379407647305,207.1,32.2,1.385,-0.20788692633875883,551.4355123674912,0.4161139896373056,-0.13246209912536477,-0.0720671328671334
2015-02-01,0.0690531839262024,0.03102289601199397,0.005470242969565209,0.05676053255252723,196.6,37.0,1.22,-1.006861148928195,529.3780918727916,0.3513851468048359,0.34698250728862956,0.189902097902098
2015-03-01,-0.05767920257253213,-0.04437868719354958,0.03139456511745047,0.11839360796945977,183.6,60.4,0.511,-1.5225252966140914,551.4355123674912,0.2959032815198618,0.8674562682215745,0.569706293706294
2015-04-01,0.004615960928686605,0.2253260418976402,-0.038976741290159295,-0.05822508650300713,160.2,85.0,-0.071,-6.519889404668234,573.492932862191,0.2496683937823833,0.8674562682215741,0.9495104895104891
2015-05-01,-0.04473649584467776,0.011173300598125036,0.024125236688626046,0.053235666879583525,106.3,109.5,0.144,-4.40457908828472,624.9602473498234,0.2126804835924006,0.5204737609329451,0.759608391608392
2015-06-01,0.11499417831556967,-0.013860120014637375,-0.014865911275829254,-0.02445670232954015,80.4,116.3,0.011,3.6653727497611612,676.4275618374559,0.1849395509499136,-0.4163790087463557,0.189902097902098
2015-07-01,-0.09512608036721598,-0.23277444437517109,0.01929320293467885,0.09771043854531605,67.4,102.7,0.293,1.8477919979347917,698.4849823321556,0.2034335060449049,-0.4510772594752188,-0.569706293706294
2015-08-01,-0.07175977267008905,0.04319608415493135,-0.015738572950332246,0.056357342018316485,77.8,97.9,0.395,1.3649230092520241,772.0097173144878,0.2589153713298791,-0.41637900874635525,-0.569706293706294
2015-09-01,0.0050597153075912895,-0.08723313106526957,0.005515963405399428,0.08704361640877038,114.1,83.8,0.247,-1.3690811619872107,823.4770318021203,0.924697754749568,-0.38168075801749346,-0.4557650349650344
2015-10-01,-0.007316721445531227,0.03272543339571257,0.006207986828285396,-0.02347621910359157,157.8,70.8,-0.166,-1.4281824064220103,845.5344522968198,0.8507219343696026,-0.34698250728862945,-0.41778461538461564
2015-11-01,-0.0039620600178390895,-0.11208455721585381,0.03267336093501206,0.0029260608419256545,170.6,60.2,-0.722,-2.9142346330067,867.5918727915194,0.7582521588946458,-0.31228425655976677,-0.3418237762237757
2015-12-01,-0.020628030515725926,-0.11730295883487302,-0.015493267657770775,0.023458938499290167,194.0,42.6,-0.684,-1.5218632726952137,808.7720848056539,0.6472884283246976,-0.17349125364431472,-0.22788251748251787
2016-01-01,0.021478365882522936,-0.09687728179750917,0.009887086191172147,0.00955189124044885,207.1,32.2,-0.136,-1.1387964400672388,6194.45671378092,0.6379274611398965,0.21766180758017462,-0.08267412587412615
2016-02-01,-0.024388934686044104,0.0038592893380694463,-0.014154517987391466,0.0045676426304113215,196.6,37.0,-0.01,-1.6411281781909253,5946.678445229682,0.5386943005181348,0.47568513119533495,0.18878321678321708
2016-03-01,0.05808571612115293,0.1275133202989597,-0.037556280944603636,-0.11133843686419158,183.6,60.4,-0.505,-1.80223326635182,6194.45671378092,0.4536373056994819,1.189212827988338,0.5663496503496503
2016-04-01,0.12087798592240102,0.18040701439381246,-0.016092423790988256,-0.04477319082866333,160.2,85.0,-0.284,0.8846247559053069,6442.234982332157,0.3827564766839378,1.1892128279883383,0.9439160839160843
2016-05-01,0.04555385843644781,0.06695828278916392,0.029742362731498776,0.049771118766719746,106.3,109.5,-0.045,-2.4782543075048125,7020.384275618375,0.3260518134715026,0.7135276967930029,0.7551328671328665
2016-06-01,0.08563349688856169,-0.015806548943482275,0.0026037613002247214,-0.11676568876757056,80.4,116.3,-0.385,-0.044046834035910365,7598.533568904594,0.2835233160621762,-0.5708221574344021,0.18878321678321708
2016-07-01,-0.14143504657757716,-0.1499523185897751,-0.00636512818389768,0.010681712164319915,67.4,102.7,-0.208,5.827200195960273,7846.311837455832,0.3118756476683938,-0.6183906705539362,-0.5663496503496508
2016-08-01,-0.07907200040280478,0.07187333435230561,0.005116168820877293,-0.006333339055942101,77.8,97.9,-0.122,0.40452329394636877,8672.239399293288,0.3969326424870467,-0.5708221574344017,-0.5663496503496499
2016-09-01,0.014095208400286698,0.07621505079940677,-0.005849191525043788,0.00996076387577131,114.1,83.8,-0.543,-1.7976128290006272,9250.388692579509,1.417616580310881,-0.5232536443148681,-0.45307972027972054
2016-10-01,0.05759217941448553,-0.02902411933928047,0.03073991394510465,-0.022058691422862365,157.8,70.8,-0.237,-1.0524231711422516,9498.166961130742,1.3042072538860106,-0.47568513119533606,-0.41532307692307646
2016-11-01,0.021382980596406222,0.05359538006978574,0.030611572958986893,0.05934318347601303,170.6,60.2,0.059,-1.1149216593547209,9745.94522968198,1.1624455958549225,-0.42811661807580204,-0.3398097902097903
2016-12-01,-0.028105928307206908,0.08302555850560149,0.00697072185914282,-0.03903507986834552,194.0,42.6,0.474,-1.5019126957548679,9085.203180212016,0.9923316062176164,-0.23784256559766725,-0.22653986013986027
2017-01-01,0.019215253474407546,-0.01708480493619492,-0.02677137871391408,-0.03201447693841989,207.1,32.2,0.753,-0.6370829392741371,6234.076855123676,0.9266580310880828,-0.12816472303206972,-0.21238041958041975
2017-02-01,0.011431579428146307,0.022468647885957937,0.016049788771476486,-0.01345218630540266,196.6,37.0,-0.024,-1.6583506687108809,5984.713780918729,0.7825112262521589,0.4815014577259473,0.16597202797202804
2017-03-01,-0.09137343982178993,-0.06521763831137978,-0.0076438551562002825,0.004621614234281025,183.6,60.4,-0.392,0.24942427066808648,6234.076855123676,0.6589568221070811,1.2037536443148689,0.4979160839160841
2017-04-01,0.011813064330124976,-0.02541916104777306,-0.013039302097787225,0.01676549080891822,160.2,85.0,-0.068,-2.953705995412605,6483.439929328623,0.5559948186528496,1.2037536443148689,0.82986013986014
2017-05-01,-0.044043423716086744,-0.020686861619087313,-0.02173887719623491,0.015745404951690363,106.3,109.5,0.158,-3.032862796542261,7065.287102473499,0.4736252158894646,0.7222521865889222,0.6638881118881121
2017-06-01,0.0348699140949352,-0.0483349697728776,-0.013399317586873738,0.024524765321918447,80.4,116.3,0.316,-0.7530833072143395,7647.134275618376,0.4118480138169257,-0.5778017492711376,0.16597202797202826
2017-07-01,0.05137869954280515,0.08590665464247976,-0.029393595769675623,-0.05610749765914311,67.4,102.7,1.763,0.06732024980708218,7896.497349823323,0.4530328151986182,-0.6259518950437317,-0.49791608391608433
2017-08-01,-0.0532362198658194,-0.060387954588135936,-0.0020481869931755483,0.006854473460301295,77.8,97.9,1.462,0.10013875545729434,8727.707597173146,0.576587219343696,-0.5778017492711367,-0.4979160839160839
2017-09-01,0.02117664711583078,0.08984805839106769,0.004414542835491002,0.004438252276530935,114.1,83.8,1.478,-1.2413315143663368,9309.554770318024,2.059240069084628,-0.5296516034985421,-0.3983328671328672
2017-10-01,0.018181387321937224,0.05111909690523144,0.015669456670375607,0.03450869319624807,157.8,70.8,1.416,-0.901562374596125,9558.917844522968,1.8945008635578584,-0.48150145772594843,-0.36513846153846163
2017-11-01,0.0010151048459779892,0.054047864121196,-0.01599181201620669,6.111535525193723e-05,170.6,60.2,1.252,-1.0765945739036198,9808.280918727916,1.6885768566493953,-0.43335131195335275,-0.2987496503496503
2017-12-01,-0.02373681861922419,0.051275872633005266,-0.010044908135775233,0.011997653291263476,194.0,42.6,0.75,-0.9230352942809361,9143.312720848058,1.4414680483592397,-0.24075072886297333,-0.19916643356643382
2018-01-01,0.034965920099525136,0.06890459659889298,-0.032996096809858634,-0.03887899442552083,207.1,32.2,0.829,-3.467981200724239,5468.440812720849,1.9566839378238343,-0.13256997084548172,0.1491496503496501
2018-02-01,0.056796059648702414,-0.048913762105503855,0.016468604091343396,0.018658418021243645,196.6,37.0,0.271,0.19069976476291117,5249.703180212015,1.6523108808290157,0.4862536443148686,0.20189510489510498
2018-03-01,-0.009763144582142114,0.05215275622278487,-0.007088300804941805,0.017953584335108966,183.6,60.4,0.095,-2.6329737922074514,5468.440812720849,1.391419689119171,1.215634110787172,0.6056853146853152
2018-04-01,0.0035829490139499287,0.054391354621573185,0.020571651142228833,0.059331469819137575,160.2,85.0,-0.128,-6.184659103242851,5687.178445229683,1.1740103626943004,1.215634110787172,1.009475524475524
2018-05-01,-0.02804826032746479,-0.022565665122445278,0.023034061103413307,0.059748578522136,106.3,109.5,-0.057,-1.9835816242327127,6197.566254416962,1.0000829015544042,0.7293804664723034,0.8075804195804195
2018-06-01,-0.16694262803639706,0.1008006124101135,0.006998225995461613,0.040537199100849707,80.4,116.3,0.886,14.386433750427457,6707.954063604241,0.8696373056994819,-0.5835043731778429,0.20189510489510587
2018-07-01,0.05056860416089311,-0.07546788806929261,-0.0015862108755968101,-0.031657998725287434,67.4,102.7,-0.127,0.8946464236569369,6926.691696113076,0.95660103626943,-0.6321297376093291,-0.605685314685315
2018-08-01,-0.0707653978003709,0.01501182925367814,0.006855482209600838,0.07655268945088567,77.8,97.9,0.186,0.10181397391650648,7655.817137809189,1.2174922279792746,-0.5835043731778429,-0.6056853146853154
2018-09-01,-0.0014795090729579547,0.048244238128849856,-0.00010511378576986474,-0.0016785568355788844,114.1,83.8,-0.515,-1.5317824991423095,8166.204946996469,4.348186528497409,-0.5348790087463553,-0.4845482517482518
2018-10-01,0.008550840837065856,-0.11473308398261095,0.02080591019587344,-0.08394139634190624,157.8,70.8,-0.549,-1.6635213143573537,8384.942579505301,4.000331606217617,-0.48625364431486906,-0.4441692307692302
2018-11-01,0.04786699680077619,-0.24869302301805254,0.0014403294671097645,0.038064690280464504,170.6,60.2,0.051,0.024174852163184823,8603.680212014135,3.565512953367876,-0.43762827988338193,-0.36341118881118906
2018-12-01,0.0008392782699949171,-0.11471979578665358,-0.01137315815695846,0.0036661285995370327,194.0,42.6,0.061,-2.3012123935917543,8020.379858657246,3.043730569948186,-0.24312682215743409,-0.2422741258741261
2019-01-01,0.024037626485409642,0.16935523117529142,-0.006153865574378335,-0.0628837044548491,207.1,32.2,-0.388,-0.9126931129434439,6528.180212014136,1.1391450777202072,-0.6167944606413995,-0.17902377622377608
2019-02-01,-0.006298802148027987,0.061815911336813,0.006049877636885281,0.02899459365169967,196.6,37.0,-0.558,-1.9133180994631545,6267.05300353357,0.961944732297064,0.2978862973760932,0.18551748251748257
2019-03-01,-0.02912329269399163,0.049771689938418774,0.011579947430959418,0.04501144170274935,183.6,60.4,-0.119,-0.9653285323499858,6528.180212014136,0.8100587219343696,0.7447157434402332,0.5565524475524479
2019-04-01,-0.033804804261258495,0.060800666101807344,0.0020538105391486572,-0.0007903627156285306,160.2,85.0,-0.375,-1.0573818293742363,6789.307420494702,0.6834870466321243,0.7447157434402332,0.9275874125874126
2019-05-01,0.027414788590290878,-0.17779418976022943,0.0027659701084695454,0.0002805227943164732,106.3,109.5,-0.176,0.7985163702956015,7398.604240282686,0.5822297063903281,0.44682944606414,0.7420699300699307
2019-06-01,0.004124701182843668,0.08883214828561828,-0.016711756787750404,-0.018010160575304683,80.4,116.3,-0.105,-0.20893488583635644,8007.901060070672,0.5062867012089811,-0.3574635568513118,0.18551748251748235
2019-07-01,-0.0018500342936182944,0.001879539212008209,0.02455813117461236,-0.010255429574444733,67.4,102.7,-0.334,-0.6390460631296548,8269.028268551237,0.5569153713298791,-0.38725218658892135,-0.5565524475524479
2019-08-01,-0.013726266410978443,-0.06124362524071855,0.004051869400878319,0.08349701211591379,77.8,97.9,0.624,-0.757633263535908,9139.45229681979,0.7088013816925735,-0.3574635568513116,-0.5565524475524479
2019-09-01,0.04062617920802402,-0.01887021276495534,0.004639443520959007,0.002554341357041009,114.1,83.8,0.69,-0.24522250828711378,9748.749116607776,2.5314335060449045,-0.32767492711370294,-0.44524195804195843
2019-10-01,0.029958667527160383,0.00203233326303549,-0.02063815435596584,-0.033701568188174054,157.8,70.8,-0.327,-0.7935973932365812,10009.876325088338,2.3289188255613125,-0.2978862973760932,-0.40813846153846156
2019-11-01,-0.060990935211700695,0.018107490627390425,0.009406060556126784,0.05307892476906616,170.6,60.2,-0.154,0.14471370034016218,10271.003533568904,2.075775474956822,-0.2680976676384842,-0.3339314685314678
2019-12-01,0.07352276166093774,0.10143766002239245,-0.019316330578458687,-0.05268073652031301,194.0,42.6,-0.373,1.7414867268283416,9574.664310954066,1.7720034542314331,-0.14894314868804626,-0.22262097902097921
2020-01-01,-0.07809618437258709,-0.16911080923574517,0.010321074177231106,0.06338707470042704,207.1,32.2,0.08,1.624494299718279,660.8215547703181,0.5435751295336787,0.23833090379008715,-0.1451580419580425
2020-02-01,0.023220769911939606,-0.14143129462726226,0.007569594245294213,0.04370620111534333,196.6,37.0,-0.261,-1.124809536759173,634.3886925795053,0.4590189982728843,0.4289650145772592,0.1736923076923078
2020-03-01,-0.008568493125069137,-0.7818660832724174,0.009331642926157771,0.15141645864757064,183.6,60.4,-0.229,-5.823657969331293,660.8215547703181,0.3865423143350603,1.0724125364431485,0.5210769230769234
2020-04-01,-0.03446636389064003,-0.08346653102309004,-0.0003029232112829729,0.05262008548589387,160.2,85.0,0.042,-1.4966100500197683,687.2544169611309,0.3261450777202072,1.0724125364431485,0.8684615384615388
2020-05-01,-0.017689140483577875,0.6332686975101882,-0.006890987949483582,-0.027667886348894496,106.3,109.5,0.376,-2.138337702872846,748.9310954063604,0.2778272884283246,0.6434475218658893,0.6947692307692299
2020-06-01,0.049328247755289635,0.10120990193151325,-0.009707326010685415,0.02407033318513601,80.4,116.3,-0.217,0.5133660157691224,810.6077738515902,0.2415889464594127,-0.5147580174927109,0.17369230769230848
2020-07-01,0.016009329423756616,0.025145906273444634,-0.04236766598537632,-0.04530199027841025,67.4,102.7,-0.286,-1.1071710617741388,837.040636042403,0.265747841105354,-0.557654518950438,-0.5210769230769223
2020-08-01,0.05975557697313928,0.056482192648457746,-0.013046710479960592,0.0499198401454815,77.8,97.9,-0.39,2.188877961682522,925.1501766784454,0.3382245250431778,-0.5147580174927104,-0.5210769230769241
2020-09-01,0.07018201544353068,-0.057724583167314714,0.01881472476268521,0.02158136828416502,114.1,83.8,-0.534,2.0406381821122466,986.8268551236752,1.2079447322970636,-0.4718615160349855,-0.41686153846153884
2020-10-01,0.03380432812571206,-0.11669585956657152,0.0015963394014126726,0.023495682711424742,157.8,70.8,0.332,0.12854769404107458,1013.2597173144876,1.1113091537132986,-0.42896501457726033,-0.3821230769230768
2020-11-01,0.10061363003279805,0.23652112030144853,-0.02334568938849374,-0.07455263566328273,170.6,60.2,0.394,5.432996629327448,1039.6925795053005,0.9905146804835924,-0.3860685131195327,-0.3126461538461538
2020-12-01,0.1142831570793789,0.06778643899646652,-0.021231752940813853,-0.02626129483211227,194.0,42.6,-0.228,5.638206469615369,969.2049469964668,0.8455613126079444,-0.21448250728862917,-0.20843076923076942
2021-01-01,0.040482154296848684,0.07310641081274362,0.007090656785506503,0.05046020780190211,207.1,32.2,0.207,0.04439193459353419,5982.575088339224,0.5804145077720207,-0.20306997084548128,-0.1176027972027972
2021-02-01,0.03138491383408595,0.1639546799238791,0.0033065168447732906,0.02461000606418576,196.6,37.0,0.994,-2.3242877862778926,5743.272084805654,0.4901278065630398,0.399212827988338,0.16567132867132883
2021-03-01,0.020298591574640697,-0.03879153696987317,0.025529603335761205,0.005859270019719831,183.6,60.4,1.109,-1.4010067327775744,5982.575088339224,0.4127392055267703,0.9980320699708454,0.4970139860139864
2021-04-01,0.06655058987903589,0.07205331764005757,-0.021137852754782138,-0.03522197103168118,160.2,85.0,0.168,1.816838919159565,6221.878091872793,0.3482487046632124,0.9980320699708454,0.8283566433566434
2021-05-01,-0.004647345935997517,0.04219255534438273,-0.013788757433434802,-0.04119300595994192,106.3,109.5,-0.076,0.8847495873540794,6780.251766784453,0.2966563039723661,0.598819241982508,0.6626853146853144
2021-06-01,-0.09246829440888629,0.10238564880514656,0.02641683728579457,-0.048822749228418574,80.4,116.3,0.454,11.70843682697641,7338.625441696114,0.2579620034542315,-0.47905539358600535,0.1656713286713294
2021-07-01,-0.03291469606604664,0.0065120295246227835,-0.002925087400607029,0.04788310679867048,67.4,102.7,0.035,0.523949549183726,7577.928445229683,0.2837582037996545,-0.51897667638484,-0.4970139860139864
2021-08-01,-0.04155214922987251,-0.07655544388862924,0.004978365260363112,-0.01217985428090051,77.8,97.9,0.202,0.04790146032247833,8375.605123674914,0.361146804835924,-0.4790553935860058,-0.4970139860139864
2021-09-01,-0.02862379303583642,0.09105428828945769,0.017125538952728833,0.05545227153122407,114.1,83.8,0.451,-1.1740580223047061,8933.978798586575,1.289810017271157,-0.43913411078717246,-0.39761118881118884
2021-10-01,-0.01704985640317879,0.10779657045570738,-0.001168038359503154,0.03509385400065256,157.8,70.8,-0.055,-1.34709373725849,9173.281802120142,1.1866252158894646,-0.39921282798833824,-0.36447692307692314
2021-11-01,-0.015083857124258386,-0.23330630151987855,0.01967345551628376,-0.0023621149237715625,170.6,60.2,-0.062,-0.054898081660411435,9412.58480565371,1.0576442141623488,-0.35929154518950446,-0.29820839160839174
2021-12-01,0.08764443459334734,0.12790589834484553,-0.00020837674590923436,-0.009576460958557308,194.0,42.6,-1.34,2.014337373385402,8774.443462897529,0.90286701208981,-0.1996064139941689,-0.19880559440559442
2022-01-01,0.1148729834619685,0.1587557080055676,0.005921787602810551,-0.04896880605173319,207.1,32.2,-1.348,3.1610399718532562,69.23586572438164,0.5588082901554405,0.22334839650145755,-0.34713566433566445
2022-02-01,0.09817271906333436,0.08238735419629332,0.0017593794965249383,-0.0275629069404384,196.6,37.0,-1.045,4.3929152190178655,66.46643109540636,0.4718825561312609,0.5364577259475216,0.11886013986013988
2022-03-01,-0.01593903475584088,0.04653901024992013,0.016408941649961265,-0.0850910564752674,183.6,60.4,-1.23,-0.591066564328159,69.23586572438164,0.3973747841105354,1.3411443148688047,0.35658041958041986
2022-04-01,0.040271866400706756,0.04303732904117091,0.046214811909038186,0.04801614309148941,160.2,85.0,-0.208,0.11535974426409723,72.00530035335692,0.3352849740932643,1.3411443148688043,0.5943006993006992
2022-05-01,0.001334618719641846,0.09105483571894955,-0.011821738965166811,-0.04960000911079031,106.3,109.5,-0.718,-1.1752348711566754,78.46731448763252,0.2856131260794474,0.8046865889212835,0.4754405594405591
2022-06-01,-0.07794552083513413,-0.08088606194683685,0.028484778008559256,0.10516605524259012,80.4,116.3,-0.678,4.142620742678304,84.92932862190814,0.2483592400690847,-0.6437492711370263,0.11886013986014055
2022-07-01,-0.060764811072159336,-0.0698982953073961,0.011491650276097238,-0.01587821960687072,67.4,102.7,-0.423,3.560978963925436,87.6987632508834,0.2731951640759931,-0.6973950437317784,-0.35658041958041986
2022-08-01,-0.031825584638188784,-0.09647695228925936,0.02609654151980286,0.0018732202648392962,77.8,97.9,0.281,-1.9234321960635157,96.9302120141343,0.3477029360967185,-0.6437492711370254,-0.35658041958041964
2022-09-01,-0.04144462533861901,-0.11916590092169961,0.030977932169423725,0.043843413740806546,114.1,83.8,-0.378,-0.7372356282697865,103.39222614840992,1.2417962003454233,-0.5901034985422751,-0.28526433566433584
2022-10-01,0.039333435251158795,0.0848599470336263,-0.0052761132901419806,-0.04461545060531025,157.8,70.8,0.201,-1.5184067885236203,106.16166077738517,1.1424525043177896,-0.5364577259475216,-0.26149230769230747
2022-11-01,0.034617509945946145,-0.07148892620834063,-0.051326328292137464,0.001157831896390962,170.6,60.2,0.145,-1.208654025298145,108.93109540636044,1.0182728842832471,-0.48281195335276994,-0.21394825174825183
2022-12-01,0.03641625038761958,-0.001117804252265397,-0.023202453961717683,0.01927268828350103,194.0,42.6,-0.291,-0.7215643745488762,101.54593639575974,0.8692573402417962,-0.2682288629737606,-0.1426321678321678
2023-01-01,0.009144413818997612,-0.0044837539310160655,-0.013812105581970591,-0.041109745589974364,207.1,32.2,-0.019,-2.7367238095333164,7.420494699646644,0.724274611398964,-0.418918367346939,0.24826013986013962
2023-02-01,-0.03877867822532499,-0.0389461284609007,0.026768762675694065,0.03173945835941244,196.6,37.0,0.066,-1.3796157348078992,7.123674911660778,0.6116096718480141,0.43326530612244873,0.16816083916083935
2023-03-01,0.017420876081524216,-0.018072781059694506,-0.022761133051003624,-0.033712585023124034,183.6,60.4,-0.194,-7.364658125987702,7.420494699646644,0.5150397236614854,1.0831632653061225,0.5044825174825176
2023-04-01,-0.05899650587095291,0.014562408866221366,-0.00832644277655378,-0.01524468306862574,160.2,85.0,-0.108,0.6700985873280985,7.71731448763251,0.4345647668393784,1.0831632653061223,0.8408041958041954
2023-05-01,-0.08795662478701043,-0.12011383007777636,0.025925040461121623,0.014118256389568738,106.3,109.5,-0.23,3.3354116594936443,8.409893992932863,0.3701848013816927,0.649897959183674,0.672643356643357
2023-06-01,0.10385910058106927,0.03676619680082936,-0.013704132631877714,-0.05515752776317298,80.4,116.3,-0.115,6.3934195836756516,9.102473498233216,0.3218998272884285,-0.5199183673469392,0.16816083916083935
2023-07-01,-0.07953717204778589,0.1466806873129967,-0.010255498391541775,-0.013017922873845043,67.4,102.7,0.184,1.4649050078447061,9.399293286219082,0.3540898100172712,-0.5632448979591826,-0.5044825174825176
2023-08-01,0.027404047767702527,0.02212506378473305,0.017131039930183774,0.04759900402937766,77.8,97.9,0.763,-0.7540314491692754,10.388692579505303,0.4506597582037999,-0.5199183673469392,-0.5044825174825176
2023-09-01,-0.07095173597228449,0.08214683999023152,0.024782053607610797,0.015541448756425451,114.1,83.8,0.039,-0.6556635966588829,11.081272084805656,1.6094991364421418,-0.4765918367346944,-0.4035860139860141
2023-10-01,0.0274625651709345,-0.11385310960912147,0.004133790178203028,0.0005960067723861478,157.8,70.8,0.881,-1.8672358219470766,11.37809187279152,1.4807392055267707,-0.43326530612244896,-0.3699538461538461
2023-11-01,0.024311006022107683,-0.06448915183045943,-0.030074592467032372,-0.0230033748136226,170.6,60.2,-0.164,-3.941194260503565,11.674911660777386,1.3197892918825564,-0.38993877551020417,-0.3026895104895102
2023-12-01,-0.037368027159484875,-0.05841373166990411,-0.021189095245197583,-0.013998550429775502,194.0,42.6,-0.176,-1.148085091187241,10.883392226148413,1.1266493955094992,-0.21663265306122415,-0.20179300699300717
2024-01-01,-0.04810427652184828,0.056964551520360285,0.018964400223086427,0.02050109028190142,207.1,32.2,0.112,-1.1364949827293032,7.155477031802121,0.6694818652849742,0.12836588921282766,-0.10741818181818208
2024-02-01,-0.08857968639712496,0.03127891098772523,0.008581260776946546,0.0038290286801904885,196.6,37.0,0.191,0.9340267401261428,6.869257950530036,0.5653402417962006,0.5366034985422734,0.16146853146853135
2024-03-01,0.06601925457862105,0.06085008909832965,0.003737247414383585,0.008751520273887418,183.6,60.4,-0.115,-2.192589811280641,7.155477031802121,0.4760759930915372,1.3415087463556852,0.4844055944055947
2024-04-01,-0.035684140767067225,-0.015021481726872742,0.01584698911961064,0.03489534849946764,160.2,85.0,-0.164,-5.070057286219409,7.441696113074207,0.4016891191709845,1.341508746355685,0.8073426573426572
2024-05-01,0.03423110470446221,-0.062189680863765244,-0.014699871127460596,0.009753183840536592,106.3,109.5,-0.312,-0.7264743719805864,8.109540636042404,0.3421796200345424,0.8049052478134113,0.645874125874125
2024-06-01,-0.045037347747706055,0.057418154101149387,0.011399382488495948,0.06428464187903687,80.4,116.3,-0.454,-2.9671076491385833,8.777385159010601,0.2975474956822108,-0.6439241982507289,0.16146853146853202
2024-07-01,-0.1258007502095511,-0.04553938304834066,-0.016859950734365307,0.010229130776201866,67.4,102.7,0.022,6.583931442602463,9.063604240282688,0.3273022452504318,-0.697584548104957,-0.4844055944055943
2024-08-01,-0.032559850911403544,-0.057588867295320215,-0.023324672566408893,-0.007051351117702731,77.8,97.9,0.158,0.3574110947561735,10.01766784452297,0.4165664939550951,-0.6439241982507271,-0.4844055944055947
2024-09-01,0.07359867751577169,-0.0759608616727526,-0.009087379802062244,-0.02931891514772753,114.1,83.8,-0.166,1.7569868343480834,10.68551236749117,1.4877374784110535,-0.5902638483965026,-0.3875244755244751
2024-10-01,-0.07308964212682133,0.015862953599581994,0.031258649703117786,0.060276902023247786,157.8,70.8,0.243,1.0367108745302147,10.97173144876325,1.3687184801381695,-0.5366034985422736,-0.355230769230769
2024-11-01,0.00709942129920407,-0.018359833798169294,0.016784677851734278,0.031687132834001756,170.6,60.2,0.293,-0.9577730833033087,11.257950530035336,1.219944732297064,-0.48294314868804666,-0.2906433566433566
2024-12-01,0.008803980900710287,0.05326194356082541,0.025674752027055096,0.033712907285980975,194.0,42.6,0.53,-1.8838805254937654,10.494699646643111,1.0414162348877376,-0.2683017492711366,-0.1937622377622379
