Data,preco_soja_usd,petroleo_wti_usd,dxy_index,taxa_cambio_usd_brl,Precip_Brasil_Media_mm,Precip_EUA_Media_mm,ONI,cvol_proxy,imports_1000MT,Estoque_USA_MT,Estoque_Brasil_MT,Estoque_Argentina_MT
2000-01-01,508.0,27.64,105.13,1.784,207.1,32.2,0.0,86.00773621539287,877.5397526501769,0.5240673575129535,0.3707361516034985,0.3767832167832167
2000-02-01,501.25,30.43,105.92,1.768,196.6,37.0,0.199,85.91625894553621,842.4381625441697,0.4425457685664941,0.5190306122448978,0.4395804195804196
2000-03-01,545.5,26.9,105.44,1.7395,183.6,60.4,0.084,86.39051585077016,877.5397526501769,0.3726701208981002,0.8897667638483963,0.6279720279720281
2000-04-01,526.5,25.74,110.14,1.805,160.2,85.0,0.318,87.20678030098878,912.641342756184,0.314440414507772,1.2605029154518947,0.941958041958042
2000-05-01,517.5,29.01,108.74,1.824,106.3,109.5,0.832,86.4523396619518,994.5450530035336,0.2678566493955095,1.482944606413994,1.1931468531468532
2000-06-01,477.5,32.5,106.84,1.807,80.4,116.3,0.488,86.07513020462365,1076.4487632508835,0.2329188255613126,1.304991253644315,1.2559440559440562
2000-07-01,446.0,27.43,109.57,1.7835,67.4,102.7,0.248,87.08625877713988,1111.5503533568906,0.2562107081174439,1.1122084548104954,1.0675524475524478
2000-08-01,494.75,33.12,112.6,1.8235,77.8,97.9,0.805,87.05474123938313,1228.5556537102475,0.3260863557858377,0.9342551020408164,0.8791608391608392
2000-09-01,490.5,30.84,113.25,1.8435,114.1,83.8,0.871,86.22062901302809,1310.4593639575976,1.164594127806563,0.7711311953352769,0.7284475524475524
2000-10-01,459.75,32.7,116.65,1.9,157.8,70.8,0.422,86.47314664975785,1345.5609540636042,1.0714265975820385,0.6228367346938775,0.5902937062937064
2000-11-01,506.0,33.82,115.24,1.9795,170.6,60.2,0.512,85.93383889683287,1380.6625441696117,0.954967184801382,0.4893717201166179,0.4772587412587413
2000-12-01,499.5,26.8,109.56,1.95,194.0,42.6,0.173,85.66265533408061,1287.058303886926,0.8152158894645941,0.4152244897959183,0.4019020979020979
2001-01-01,459.5,28.66,110.52,1.971,207.1,32.2,-0.065,85.99528082795499,688.0521201413429,0.4401295336787566,0.4988338192419824,0.4729510489510489
2001-02-01,453.5,27.39,112.01,2.0463,196.6,37.0,0.051,84.73566005775805,660.5300353356891,0.37166493955095,0.6983673469387753,0.5517762237762238
2001-03-01,428.5,26.29,117.37,2.153,183.6,60.4,-0.729,84.23047243544548,688.0521201413429,0.3129810017271157,1.1972011661807578,0.7882517482517484
2001-04-01,434.25,28.46,115.85,2.201,160.2,85.0,-1.201,84.74708835590496,715.5742049469967,0.2640777202072539,1.69603498542274,1.1823776223776223
2001-05-01,451.0,28.37,119.07,2.381,106.3,109.5,-1.065,84.70731143583282,779.7924028268552,0.2249550949913644,1.9953352769679296,1.4976783216783216
2001-06-01,482.5,26.25,119.43,2.3105,80.4,116.3,-1.151,85.56543351598157,844.0106007067138,0.1956131260794474,1.7558950437317782,1.5765034965034967
2001-07-01,512.75,26.35,117.18,2.473,67.4,102.7,-0.68,85.18582557576796,871.5326855123676,0.215174438687392,1.4965014577259472,1.3400279720279722
2001-08-01,479.5,27.2,113.42,2.564,77.8,97.9,-0.839,84.66238433976497,963.27296819788,0.2738583765112263,1.2570612244897958,1.1035524475524476
2001-09-01,451.25,23.43,113.48,2.67,114.1,83.8,-1.152,86.30475055058508,1027.4911660777389,0.9780656303972366,1.0375743440233234,0.914372027972028
2001-10-01,428.5,21.18,114.86,2.696,157.8,70.8,-0.22,83.214686613862,1055.0132508833922,0.8998203799654578,0.8380408163265304,0.7409566433566434
2001-11-01,444.5,19.44,116.13,2.495,170.6,60.2,-0.245,83.00527631063139,1082.535335689046,0.8020138169257341,0.6584606413994167,0.5990713286713287
2001-12-01,421.0,19.84,116.75,2.311,194.0,42.6,-0.144,83.99546084469662,1009.1431095406364,0.6846459412780656,0.5586938775510204,0.5044811188811189
2002-01-01,430.25,19.48,120.24,2.413,207.1,32.2,-0.671,84.24334656754137,1418.9708480565373,0.3771761658031088,0.6600583090379009,0.5764195804195804
2002-02-01,435.75,21.74,119.16,2.365,196.6,37.0,-0.687,85.3524210131205,1362.2120141342757,0.3185043177892919,0.924081632653061,0.6724895104895104
2002-03-01,476.25,26.31,118.62,2.325,183.6,60.4,-0.437,85.62363378810207,1418.9708480565373,0.2682141623488773,1.5841399416909618,0.9606993006993008
2002-04-01,462.25,27.29,115.19,2.361,160.2,85.0,-0.766,87.32089105901886,1475.729681978799,0.2263056994818653,2.2441982507288625,1.441048951048951
2002-05-01,508.75,25.31,111.81,2.518,106.3,109.5,-0.386,88.07513793833346,1608.1669611307425,0.1927789291882556,2.6402332361516034,1.8253286713286716
2002-06-01,536.5,26.86,106.11,2.8175,80.4,116.3,-0.51,89.20823690999464,1740.6042402826856,0.1676338514680483,2.323405247813411,1.9213986013986015
2002-07-01,567.5,27.02,107.41,3.46,67.4,102.7,-0.474,90.12125224633364,1797.3630742049472,0.1843972366148532,1.9801749271137024,1.633188811188811
2002-08-01,559.0,28.98,106.98,3.0075,77.8,97.9,-0.572,92.7529187653717,1986.5591872791524,0.2346873920552677,1.6633469387755102,1.344979020979021
2002-09-01,545.75,30.45,106.87,3.76,114.1,83.8,0.34,93.38590727879571,2118.996466431096,0.8381692573402417,1.3729212827988335,1.1144111888111887
2002-10-01,565.25,27.22,106.64,3.65,157.8,70.8,0.233,93.56311156933938,2175.7553003533567,0.7711157167530225,1.1088979591836732,0.9030573426573428
2002-11-01,578.75,26.89,106.41,3.653,170.6,60.2,-0.26,95.44728681515464,2232.5141342756183,0.6872987910189983,0.871276967930029,0.7301314685314686
2002-12-01,569.5,31.2,101.85,3.54,194.0,42.6,0.147,95.58901876417428,2081.157243816255,0.5867184801381692,0.739265306122449,0.6148475524475525
2003-01-01,564.0,33.51,99.91,3.504,207.1,32.2,-0.386,97.15736964756616,1121.8860424028271,0.2377461139896373,0.6396137026239068,0.5913566433566432
2003-02-01,577.0,36.6,99.71,3.57,196.6,37.0,-0.186,97.05839192402009,1077.0106007067138,0.2007633851468049,0.8954591836734693,0.6899160839160838
2003-03-01,574.5,31.04,99.06,3.364,183.6,60.4,-0.914,97.97827423744016,1121.8860424028271,0.1690639032815198,1.535072886297376,0.9855944055944056
2003-04-01,623.5,25.8,97.19,2.911,160.2,85.0,-1.171,99.99877838229276,1166.7614840989402,0.1426476683937824,2.1746865889212827,1.4783916083916082
2003-05-01,624.5,29.56,93.27,2.9735,106.3,109.5,-0.741,101.91893681616664,1271.4708480565373,0.1215146804835924,2.5584548104956277,1.8726293706293704
2003-06-01,621.25,30.19,94.73,2.837,80.4,116.3,-0.223,103.05539116865694,1376.1802120141344,0.1056649395509499,2.251440233236152,1.971188811188811
2003-07-01,532.5,30.54,96.89,2.9675,67.4,102.7,-0.088,103.98529881421312,1421.0556537102475,0.1162314335060449,1.91884110787172,1.6755104895104895
2003-08-01,595.0,31.57,98.1,2.9785,77.8,97.9,-0.108,104.879127144686,1570.640459363958,0.1479309153713299,1.6118265306122452,1.3798321678321677
2003-09-01,677.25,29.2,92.85,2.8925,114.1,83.8,-0.196,105.098621637289,1675.349823321555,0.5283246977547496,1.330396501457726,1.1432895104895102
2003-10-01,794.25,29.11,92.73,2.8665,157.8,70.8,-0.729,108.377678754322,1720.225265017668,0.4860587219343696,1.0745510204081634,0.9264587412587412
2003-11-01,756.25,30.41,90.21,2.9465,170.6,60.2,-0.798,109.03423223405116,1765.100706713781,0.4332262521588946,0.8442900874635569,0.7490517482517483
2003-12-01,789.0,32.52,86.92,2.8915,194.0,42.6,-0.743,107.44412780365244,1645.4328621908132,0.3698272884283247,0.7163673469387757,0.6307804195804195
2004-01-01,819.5,33.05,87.2,2.9345,207.1,32.2,-0.097,106.67348774167344,1709.4964664310958,0.5409326424870466,0.6923104956268222,0.6488811188811187
2004-02-01,942.5,36.16,87.31,2.906,196.6,37.0,0.069,111.5186928559724,1641.1166077738517,0.4567875647668394,0.9692346938775508,0.7570279720279718
2004-03-01,995.0,35.76,87.61,2.896,183.6,60.4,-0.657,112.04847665520384,1709.4964664310958,0.3846632124352331,1.6615451895043731,1.0814685314685313
2004-04-01,1034.0,37.38,90.48,2.931,160.2,85.0,-0.33,110.9981540898656,1777.8763250883396,0.3245595854922279,2.353855685131195,1.6222027972027968
2004-05-01,814.0,39.88,88.95,3.189,106.3,109.5,-0.385,131.9817590620864,1937.4293286219083,0.2764766839378238,2.769241982507289,2.0547902097902093
2004-06-01,893.0,37.05,88.8,3.086,80.4,116.3,-0.54,126.68245169673678,2096.9823321554773,0.2404145077720207,2.436932944606414,2.1629370629370626
2004-07-01,599.5,43.8,89.96,3.0375,67.4,102.7,-0.134,129.98289232130713,2165.362190812721,0.2644559585492227,2.0769314868804662,1.8384965034965028
2004-08-01,627.25,42.12,88.94,2.927,77.8,97.9,0.319,131.5514699493871,2393.295053003534,0.336580310880829,1.7446224489795925,1.5140559440559436
2004-09-01,527.0,49.64,87.36,2.8595,114.1,83.8,0.596,131.14870976290428,2552.848056537104,1.2020725388601037,1.44000583090379,1.254503496503496
2004-10-01,527.5,51.76,84.91,2.8592,157.8,70.8,0.081,131.2823200727873,2621.227915194346,1.1059067357512953,1.163081632653061,1.0165804195804191
2004-11-01,534.75,49.13,81.82,2.72,170.6,60.2,-0.067,131.75720430435598,2689.60777385159,0.9856994818652848,0.9138498542274052,0.8219160839160837
2004-12-01,547.75,43.45,80.85,2.656,194.0,42.6,0.086,132.40524351684294,2507.2614840989404,0.8414507772020724,0.7753877551020409,0.69213986013986
2005-01-01,514.75,48.2,83.6,2.6088,207.1,32.2,0.45,131.75113670380307,1876.12632508834,0.9504404145077722,0.7074708454810497,0.6667972027972028
2005-02-01,615.5,51.75,82.51,2.5895,196.6,37.0,0.124,131.60260924100538,1801.081272084806,0.8025941278065631,0.9904591836734694,0.77793006993007
2005-03-01,627.5,55.4,84.06,2.68,183.6,60.4,0.012,130.90354839399453,1876.12632508834,0.6758687392055268,1.697930029154519,1.1113286713286714
2005-04-01,619.25,49.72,84.43,2.5282,160.2,85.0,-0.434,130.47889067441332,1951.1713780918733,0.5702642487046632,2.4054008746355686,1.666993006993007
2005-05-01,680.25,51.97,87.76,2.4095,106.3,109.5,-0.782,131.57989539844272,2126.276501766785,0.4857806563039724,2.829883381924198,2.1115244755244755
2005-06-01,651.75,56.5,89.11,2.3364,80.4,116.3,-0.223,132.47445823634234,2301.3816254416965,0.4224179620034543,2.4902973760932947,2.222657342657343
2005-07-01,671.75,60.57,89.35,2.38,67.4,102.7,0.387,131.96112557640436,2376.42667844523,0.4646597582037997,2.1224125364431488,1.8892587412587412
2005-08-01,586.75,68.94,87.58,2.3555,77.8,97.9,0.242,132.4003838510888,2626.576855123676,0.591385146804836,1.7828265306122453,1.55586013986014
2005-09-01,573.25,66.24,89.52,2.2275,114.1,83.8,0.571,132.179659384167,2801.681978798588,2.112089810017271,1.4715393586005832,1.2891412587412587
2005-10-01,564.75,59.76,90.07,2.2518,157.8,70.8,0.544,131.38754864989255,2876.72703180212,1.9431226252158893,1.1885510204081633,1.0446489510489512
2005-11-01,558.0,57.32,91.57,2.2035,170.6,60.2,0.123,131.6417483850915,2951.772084805654,1.7319136442141625,0.9338615160349856,0.8446097902097903
2005-12-01,602.0,61.04,91.17,2.3383,194.0,42.6,0.231,132.5316604313375,2751.651943462898,1.4784628670120896,0.7923673469387758,0.7112503496503496
2006-01-01,594.25,67.92,88.96,2.212,207.1,32.2,0.777,131.9196634813929,1903.224381625442,1.213756476683938,0.7815962099125365,0.9189650349650348
2006-02-01,580.25,61.41,90.11,2.1235,196.6,37.0,0.529,132.65688720516363,1827.095406360424,1.0249499136442144,1.094234693877551,1.072125874125874
2006-03-01,571.5,66.63,89.73,2.164,183.6,60.4,0.996,130.24139162631,1903.224381625442,0.8631157167530223,1.8758309037900875,1.5316083916083916
2006-04-01,587.25,71.88,86.11,2.087,160.2,85.0,-0.35,131.26106937746806,1979.35335689046,0.7282538860103627,2.657427113702624,2.297412587412587
2006-05-01,579.5,71.29,84.72,2.3051,106.3,109.5,0.083,124.21974941601466,2156.987632508834,0.6203644214162349,3.126384839650146,2.9100559440559435
2006-06-01,594.75,73.93,85.22,2.1659,80.4,116.3,0.093,117.83456214517348,2334.621908127209,0.5394473229706391,2.751218658892129,3.063216783216783
2006-07-01,579.5,74.4,85.3,2.1775,67.4,102.7,-0.054,116.26539637488176,2410.7508833922266,0.593392055267703,2.344788629737609,2.603734265734265
2006-08-01,542.25,70.26,85.05,2.1434,77.8,97.9,-0.001,115.026718917504,2664.5141342756187,0.7552262521588947,1.9696224489795924,2.144251748251748
2006-09-01,547.5,62.91,85.97,2.1743,114.1,83.8,-0.796,113.04733439021037,2842.1484098939936,2.6972366148531948,1.625720116618076,1.776665734265734
2006-10-01,630.25,58.73,85.32,2.1428,157.8,70.8,-0.645,118.87731409205855,2918.2773851590105,2.48145768566494,1.3130816326530612,1.439711888111888
2006-11-01,685.5,63.13,82.92,2.165,170.6,60.2,-0.309,114.26030012375588,2994.406360424028,2.21173402417962,1.031706997084548,1.1640223776223777
2006-12-01,683.5,61.05,83.72,2.1365,194.0,42.6,0.375,110.71718129763453,2791.395759717316,1.8880656303972363,0.875387755102041,0.9802293706293704
2007-01-01,719.5,58.14,84.61,2.124,207.1,32.2,0.055,110.90410273687424,2505.477031802121,0.4336787564766839,0.8260204081632653,0.8762937062937062
2007-02-01,773.25,61.79,83.57,2.1204,196.6,37.0,-0.285,109.24435813599392,2405.2579505300355,0.3662176165803109,1.1564285714285714,1.0223426573426573
2007-03-01,761.25,65.87,82.93,2.059,183.6,60.4,-0.4,105.3014019640326,2505.477031802121,0.3083937823834196,1.9824489795918363,1.4604895104895108
2007-04-01,728.5,65.71,81.45,2.0348,160.2,85.0,0.086,104.19210378663136,2605.6961130742056,0.2602072538860103,2.808469387755101,2.1907342657342657
2007-05-01,806.25,64.01,82.3,1.9205,106.3,109.5,0.192,102.77277447943216,2839.540636042403,0.2216580310880829,3.304081632653061,2.77493006993007
2007-06-01,850.0,70.68,81.92,1.929,80.4,116.3,-0.078,102.11083370062748,3073.385159010601,0.1927461139896373,2.907591836734694,2.9209790209790216
2007-07-01,834.0,78.21,80.77,1.882,67.4,102.7,0.151,102.25495499736884,3173.604240282686,0.212020725388601,2.478061224489796,2.482832167832168
2007-08-01,868.0,74.04,80.79,1.9681,77.8,97.9,0.145,101.2388951945717,3507.667844522969,0.2698445595854922,2.081571428571429,2.0446853146853146
2007-09-01,991.25,81.66,77.72,1.833,114.1,83.8,0.489,104.89765551678522,3741.512367491167,0.9637305699481864,1.718122448979592,1.6941678321678322
2007-10-01,1010.0,94.53,76.48,1.7368,157.8,70.8,0.061,103.31002574233462,3841.73144876325,0.8866321243523316,1.3877142857142857,1.37286013986014
2007-11-01,1080.0,88.71,76.15,1.7982,170.6,60.2,-0.088,104.68444776464165,3941.950530035336,0.7902590673575128,1.09034693877551,1.1099720279720282
2007-12-01,1199.0,95.98,76.69,1.78,194.0,42.6,-0.219,107.28978064806932,3674.699646643111,0.6746113989637303,0.9251428571428572,0.9347132867132868
2008-01-01,1274.5,91.75,75.18,1.7588,207.1,32.2,-0.738,106.76640855757654,2722.924028268552,0.2923056994818652,0.5941690962099127,0.6479580419580419
2008-02-01,1522.0,101.84,73.71,1.6914,196.6,37.0,-0.398,114.20202916616672,2614.0070671378094,0.2468359240069084,0.8318367346938775,0.7559510489510489
2008-03-01,1197.25,101.58,71.8,1.7564,183.6,60.4,-0.174,137.103665894683,2722.924028268552,0.2078618307426597,1.4260058309037902,1.07993006993007
2008-04-01,1301.75,113.46,72.51,1.6622,160.2,85.0,-0.12,140.9386864579944,2831.840989399294,0.1753834196891191,2.0201749271137026,1.619895104895105
2008-05-01,1363.5,127.35,72.88,1.6265,106.3,109.5,-0.178,140.04753514866766,3085.980565371025,0.1494006908462866,2.3766763848396506,2.051867132867133
2008-06-01,1605.0,140.0,72.46,1.6041,80.4,116.3,-0.691,144.3364328137228,3340.1201413427566,0.1299136442141623,2.0914752186588923,2.15986013986014
2008-07-01,1395.75,124.08,73.23,1.567,67.4,102.7,-0.652,149.35752193589542,3449.037102473498,0.1429050086355785,1.7825072886297375,1.835881118881119
2008-08-01,1332.0,115.46,77.38,1.63,77.8,97.9,-0.593,149.98734507269012,3812.0936395759727,0.1818791018998272,1.49730612244898,1.5119020979020978
2008-09-01,1045.0,100.64,79.45,1.9066,114.1,83.8,-0.736,170.71196460715504,4066.233215547704,0.6495682210708116,1.2358717201166185,1.252718881118881
2008-10-01,925.25,67.81,85.63,2.1642,157.8,70.8,-0.58,174.98568788741846,4175.150176678445,0.5976027633851467,0.9982040816326532,1.015134265734266
2008-11-01,883.0,54.43,86.52,2.3034,170.6,60.2,-0.244,174.06637372278948,4284.067137809187,0.5326459412780655,0.7843032069970846,0.8207468531468533
2008-12-01,972.25,44.6,81.15,2.3145,194.0,42.6,0.583,177.08580070815603,3993.621908127209,0.4546977547495681,0.6654693877551022,0.6911552447552448
2009-01-01,980.0,41.68,85.83,2.32,207.1,32.2,0.478,174.7355936024298,3335.1148409894,0.319119170984456,0.7580174927113703,0.8571608391608387
2009-02-01,874.5,44.76,88.17,2.3914,196.6,37.0,0.438,176.15484463609582,3201.710247349824,0.2694784110535406,1.0612244897959182,1.0000209790209786
2009-03-01,952.0,49.66,85.51,2.3169,183.6,60.4,0.277,176.27967904346758,3335.1148409894,0.2269291882556131,1.8192419825072883,1.4286013986013983
2009-04-01,1070.0,51.12,84.82,2.1898,160.2,85.0,-0.574,176.57355157848485,3468.5194346289763,0.1914715025906735,2.5772594752186584,2.1429020979020974
2009-05-01,1184.0,66.31,79.23,1.9715,106.3,109.5,-0.412,176.19330934455792,3779.7968197879854,0.1631053540587219,3.032069970845481,2.714342657342657
2009-06-01,1226.25,69.89,80.16,1.9525,80.4,116.3,-0.265,173.4056905404409,4091.074204946997,0.1418307426597582,2.6682215743440234,2.8572027972027967
2009-07-01,1134.0,69.45,78.35,1.865,67.4,102.7,0.8,177.26900232057207,4224.478798586573,0.156013816925734,2.2740524781341107,2.428622377622377
2009-08-01,1100.0,69.96,78.17,1.8802,77.8,97.9,0.483,178.06288791087005,4669.16077738516,0.1985630397236615,1.910204081632653,2.0000419580419573
2009-09-01,927.0,70.61,76.65,1.7715,114.1,83.8,0.459,183.41224325930853,4980.438162544171,0.709153713298791,1.57667638483965,1.6571776223776218
2009-10-01,918.0,77.0,76.3,1.7635,157.8,70.8,0.307,180.613867890286,5113.842756183745,0.6524214162348878,1.273469387755102,1.3428853146853144
2009-11-01,1057.88,77.28,74.78,1.7555,170.6,60.2,-0.252,181.1020724691532,5247.247349823322,0.5815060449050087,1.0005830903790087,1.0857370629370628
2009-12-01,1049.25,79.36,77.86,1.743,194.0,42.6,0.28,174.3213936175036,4891.501766784453,0.4964075993091537,0.8489795918367348,0.9143048951048948
2010-01-01,915.5,72.89,79.46,1.885,207.1,32.2,0.497,173.7088924688972,3467.6899293286224,0.454818652849741,1.0005830903790087,0.8493146853146853
2010-02-01,962.63,79.66,80.36,1.8072,196.6,37.0,0.664,171.45833910947624,3328.9823321554773,0.3840690846286702,1.400816326530612,0.990867132867133
2010-03-01,940.38,83.76,81.07,1.7837,183.6,60.4,0.101,167.43838149861276,3467.6899293286224,0.323426597582038,2.4013994169096207,1.4155244755244758
2010-04-01,999.75,86.15,81.87,1.7375,160.2,85.0,0.632,163.6356155351436,3606.397526501768,0.2728911917098445,3.401982507288629,2.123286713286713
2010-05-01,940.88,73.97,86.59,1.8201,106.3,109.5,-0.118,160.6475213830697,3930.048586572439,0.2324628670120898,4.002332361516035,2.689496503496504
2010-06-01,934.38,75.63,86.02,1.8039,80.4,116.3,0.152,148.06022324549747,4253.69964664311,0.2021416234887738,3.5220524781341105,2.831048951048952
2010-07-01,1013.88,78.95,81.54,1.754,67.4,102.7,0.983,142.55691465101677,4392.407243816255,0.2223557858376511,3.001749271137025,2.406391608391609
2010-08-01,1010.63,71.92,83.2,1.755,77.8,97.9,0.292,138.8920444825033,4854.765901060072,0.2829982728842833,2.521469387755102,1.981734265734266
2010-09-01,1102.63,79.97,78.72,1.6876,114.1,83.8,-0.022,135.2186206322734,5178.416961130743,1.0107081174438688,2.0812128279883377,1.6420083916083916
2010-10-01,1241.63,81.43,77.27,1.7012,157.8,70.8,0.024,138.36362348648703,5317.124558303887,0.9298514680483594,1.6809795918367345,1.3305930069930072
2010-11-01,1245.88,84.11,81.19,1.715,170.6,60.2,-0.184,135.26332212983235,5455.832155477032,0.8287806563039725,1.3207696793002912,1.0757986013986016
2010-12-01,1403.88,91.38,79.03,1.6595,194.0,42.6,-0.749,135.13983838679414,5085.94522968198,0.707495682210708,1.1206530612244898,0.9059356643356644
2011-01-01,1410.88,92.19,77.73,1.6675,207.1,32.2,-0.497,132.0601409102154,3924.315371024736,0.3582901554404146,0.632069970845481,0.6015944055944055
2011-02-01,1365.88,96.97,76.89,1.6638,196.6,37.0,-0.773,130.73542517834892,3767.342756183746,0.3025561312607945,0.8848979591836733,0.7018601398601397
2011-03-01,1416.63,106.72,75.86,1.632,183.6,60.4,-0.352,129.30241478364874,3924.315371024736,0.2547841105354059,1.5169679300291543,1.0026573426573426
2011-04-01,1394.88,113.93,72.93,1.5775,160.2,85.0,-0.614,120.95932611494402,4081.2879858657257,0.2149740932642487,2.149037900874635,1.5039860139860135
2011-05-01,1382.38,102.7,74.64,1.58,106.3,109.5,0.19,113.36696719846891,4447.5574204947,0.183126079447323,2.528279883381924,1.9050489510489508
2011-06-01,1303.75,95.42,74.3,1.5622,80.4,116.3,-0.18,108.5593199978122,4813.826855123675,0.1592400690846287,2.224886297376093,2.0053146853146853
2011-07-01,1352.75,95.7,73.9,1.549,67.4,102.7,-0.255,108.02235597259298,4970.799469964665,0.1751640759930915,1.8962099125364429,1.7045174825174825
2011-08-01,1455.13,88.81,74.12,1.5892,77.8,97.9,0.147,108.23466117144044,5494.041519434631,0.2229360967184802,1.5928163265306123,1.4037202797202797
2011-09-01,1175.13,79.2,78.55,1.879,114.1,83.8,-0.389,123.33451263793496,5860.310954063606,0.7962003454231433,1.3147055393586005,1.1630825174825172
2011-10-01,1214.0,93.19,76.17,1.7172,157.8,70.8,-0.182,119.8442106587576,6017.283568904593,0.732504317789292,1.0618775510204082,0.942497902097902
2011-11-01,1133.38,100.36,78.38,1.8083,170.6,60.2,0.396,119.69931517543004,6174.256183745583,0.6528842832469777,0.834332361516035,0.7620195804195804
2011-12-01,1211.88,98.83,80.18,1.8632,194.0,42.6,-0.366,119.98974149281707,5755.662544169612,0.5573402417962003,0.7079183673469388,0.6417006993006992
2012-01-01,1200.38,98.48,79.29,1.7472,207.1,32.2,-0.182,118.1183024529182,3966.320671378093,0.297279792746114,0.7370626822157434,0.7254965034965034
2012-02-01,1319.13,107.07,78.74,1.7174,196.6,37.0,-0.024,118.83360965775358,3807.6678445229686,0.2510362694300518,1.031887755102041,0.8464125874125874
2012-03-01,1401.88,103.02,79.0,1.8264,183.6,60.4,0.296,118.4120328095311,3966.320671378093,0.21139896373057,1.7689504373177842,1.2091608391608393
2012-04-01,1500.88,104.87,78.78,1.9088,160.2,85.0,-0.287,116.99852549270258,4124.973498233217,0.1783678756476684,2.506013119533528,1.813741258741259
2012-05-01,1344.25,86.53,83.04,2.0226,106.3,109.5,-0.729,120.21971844436118,4495.163427561838,0.1519430051813471,2.948250728862974,2.2974055944055944
2012-06-01,1480.88,84.96,81.63,2.0095,80.4,116.3,-0.302,118.43598170852454,4865.35335689046,0.1321243523316062,2.594460641399417,2.4183216783216785
2012-07-01,1673.75,88.06,82.64,2.0567,67.4,102.7,-0.092,119.5409374413222,5024.006183745584,0.1453367875647668,2.2111880466472305,2.0555734265734267
2012-08-01,1754.37,96.47,81.21,2.0293,77.8,97.9,0.035,117.50363009401312,5552.84893992933,0.1849740932642487,1.857397959183674,1.6928251748251748
2012-09-01,1591.88,92.19,79.94,2.0257,114.1,83.8,0.163,119.36707521662228,5923.038869257952,0.6606217616580311,1.5330903790087465,1.4026265734265733
2012-10-01,1550.88,86.24,79.92,2.0309,157.8,70.8,-0.158,118.29387721289042,6081.691696113075,0.6077720207253887,1.238265306122449,1.1366111888111887
2012-11-01,1440.63,88.91,80.15,2.1361,170.6,60.2,-0.017,118.83073373707263,6240.344522968198,0.5417098445595856,0.9729227405247812,0.918962237762238
2012-12-01,1408.5,91.82,79.77,2.0485,194.0,42.6,0.105,116.28760360652012,5817.270318021203,0.4624352331606217,0.8255102040816328,0.7738629370629371
2013-01-01,1470.63,97.49,79.21,1.9902,207.1,32.2,-0.212,115.44867822873258,4661.925795053005,0.1946113989637305,0.7576530612244898,0.9095244755244754
2013-02-01,1448.75,92.05,81.95,1.9795,196.6,37.0,0.598,114.11545741388773,4475.448763250884,0.1643385146804835,1.0607142857142855,1.061111888111888
2013-03-01,1406.88,97.23,83.22,2.0235,183.6,60.4,0.608,112.1861273838172,4661.925795053005,0.1383903281519861,1.818367346938776,1.515874125874126
2013-04-01,1396.5,93.46,81.75,2.001,160.2,85.0,-0.051,110.43219746459728,4848.402826855125,0.1167668393782383,2.576020408163265,2.2738111888111887
2013-05-01,1510.13,91.97,83.26,2.1418,106.3,109.5,0.227,110.0444557997366,5283.515901060071,0.09946804835924,3.0306122448979598,2.880160839160839
2013-06-01,1429.38,96.56,83.14,2.2315,80.4,116.3,-0.231,105.14373299274924,5718.628975265018,0.0864939550949913,2.6669387755102045,3.031748251748252
2013-07-01,1247.25,105.03,81.45,2.2764,67.4,102.7,0.153,112.8533493127571,5905.106007067138,0.0951433506044904,2.272959183673469,2.576986013986014
2013-08-01,1356.38,107.65,82.09,2.3859,77.8,97.9,0.571,115.33425741253356,6526.696113074207,0.1210915371329878,1.9092857142857147,2.122223776223776
2013-09-01,1281.38,102.33,80.22,2.2156,114.1,83.8,0.071,114.2773185615026,6961.809187279154,0.4324697754749566,1.5759183673469388,1.7584139860139858
2013-10-01,1265.63,96.38,80.19,2.239,157.8,70.8,0.435,112.2818027671369,7148.286219081272,0.3978721934369601,1.272857142857143,1.4249216783216785
2013-11-01,1337.0,92.72,80.68,2.3355,170.6,60.2,0.47,111.18291098445891,7334.763250883392,0.3546252158894644,1.0001020408163266,1.1520643356643356
2013-12-01,1289.38,98.42,80.03,2.3618,194.0,42.6,0.658,109.56587362266308,6837.491166077741,0.3027288428324696,0.8485714285714288,0.9701594405594404
2014-01-01,1283.88,97.49,81.31,2.4122,207.1,32.2,1.219,107.90293221002656,519.1033568904595,0.4032124352331606,0.892784256559767,1.1357622377622376
2014-02-01,1414.13,102.59,79.69,2.3381,196.6,37.0,0.755,109.12480314973446,498.33922261484105,0.3404905008635578,1.2498979591836736,1.325055944055944
2014-03-01,1462.38,101.58,80.1,2.2714,183.6,60.4,0.227,108.40241256202822,519.1033568904595,0.2867288428324697,2.1426822157434406,1.8929370629370632
2014-04-01,1511.38,99.74,79.47,2.232,160.2,85.0,-0.197,103.3460590186124,539.8674911660779,0.2419274611398963,3.035466472303207,2.8394055944055943
2014-05-01,1491.13,102.71,80.37,2.2403,106.3,109.5,-0.464,100.76663682349268,588.3171378091873,0.2060863557858376,3.571137026239068,3.596580419580419
2014-06-01,1327.5,105.37,79.78,2.2137,80.4,116.3,-0.356,103.53330465152828,636.7667844522969,0.1792055267702936,3.14260058309038,3.7858741258741264
2014-07-01,1098.13,98.17,81.46,2.2634,67.4,102.7,-0.113,115.1878805188074,657.5309187279153,0.1971260794473229,2.6783527696793006,3.217993006993007
2014-08-01,1024.25,95.96,82.75,2.2355,77.8,97.9,0.032,114.40799328206992,726.7446996466433,0.250887737478411,2.2498163265306133,2.650111888111888
2014-09-01,912.38,91.16,85.94,2.4449,114.1,83.8,0.353,116.7024980603002,775.1943462897528,0.8960276338514679,1.8569912536443152,2.195806993006993
2014-10-01,1043.13,80.54,86.92,2.4779,157.8,70.8,0.252,122.42000182224932,795.958480565371,0.8243454231433506,1.4998775510204083,1.779360839160839
2014-11-01,1014.13,66.15,88.36,2.5651,170.6,60.2,0.758,120.96279251919589,816.7226148409894,0.7347426597582037,1.1784752186588925,1.438632167832168
2014-12-01,1022.88,53.27,90.27,2.657,194.0,42.6,0.425,119.77701967599424,761.3515901060073,0.6272193436960275,0.9999183673469392,1.2114797202797205
2015-01-01,961.63,48.24,94.8,2.6814,207.1,32.2,1.385,119.56913274965548,551.4355123674912,0.4161139896373056,0.8674562682215744,1.139412587412587
2015-02-01,1030.38,49.76,95.32,2.838,196.6,37.0,1.22,118.56227160072729,529.3780918727916,0.3513851468048359,1.214438775510204,1.329314685314685
2015-03-01,972.63,47.6,98.36,3.1947,183.6,60.4,0.511,117.0397463041132,551.4355123674912,0.2959032815198618,2.0818950437317785,1.899020979020979
2015-04-01,977.13,59.63,94.6,3.014,160.2,85.0,-0.071,110.51985689944496,573.492932862191,0.2496683937823833,2.9493513119533525,2.848531468531468
2015-05-01,934.38,60.3,96.91,3.1788,106.3,109.5,0.144,106.11527781116024,624.9602473498234,0.2126804835924006,3.4698250728862976,3.60813986013986
2015-06-01,1048.25,59.47,95.48,3.102,80.4,116.3,0.011,109.7806505609214,676.4275618374559,0.1849395509499136,3.053446064139942,3.798041958041958
2015-07-01,953.13,47.12,97.34,3.4204,67.4,102.7,0.293,111.6284425588562,698.4849823321556,0.2034335060449049,2.602368804664723,3.228335664335664
2015-08-01,887.13,49.2,95.82,3.6187,77.8,97.9,0.395,112.99336556810822,772.0097173144878,0.2589153713298791,2.185989795918368,2.65862937062937
2015-09-01,891.63,45.09,96.35,3.9478,114.1,83.8,0.247,111.624284406121,823.4770318021203,0.924697754749568,1.8043090379008744,2.202864335664336
2015-10-01,885.13,46.59,96.95,3.8562,157.8,70.8,-0.166,110.196101999699,845.5344522968198,0.8507219343696026,1.457326530612245,1.7850797202797202
2015-11-01,881.63,41.65,100.17,3.8675,170.6,60.2,-0.722,107.2818673666923,867.5918727915194,0.7582521588946458,1.1450422740524782,1.4432559440559445
2015-12-01,863.63,37.04,98.63,3.9593,194.0,42.6,-0.684,105.76000409399708,808.7720848056539,0.6472884283246976,0.9715510204081634,1.2153734265734266
2016-01-01,882.38,33.62,99.61,3.9973,207.1,32.2,-0.136,104.62120765392984,6194.45671378092,0.6379274611398965,1.189212827988338,1.1326993006993005
2016-02-01,861.12,33.75,98.21,4.0156,196.6,37.0,-0.01,102.98007947573892,5946.678445229682,0.5386943005181348,1.664897959183673,1.3214825174825175
2016-03-01,912.62,38.34,94.59,3.5925,183.6,60.4,-0.505,101.1778462093871,6194.45671378092,0.4536373056994819,2.854110787172011,1.887832167832168
2016-04-01,1029.88,45.92,93.08,3.4352,160.2,85.0,-0.284,102.0624709652924,6442.234982332157,0.3827564766839378,4.043323615160349,2.831748251748252
2016-05-01,1077.88,49.1,95.89,3.6105,106.3,109.5,-0.045,99.5842166577876,7020.384275618375,0.3260518134715026,4.756851311953352,3.5868811188811187
2016-06-01,1174.25,48.33,96.14,3.2126,80.4,116.3,-0.385,99.54016982375168,7598.533568904594,0.2835233160621762,4.18602915451895,3.775664335664336
2016-07-01,1019.38,41.6,95.53,3.2471,67.4,102.7,-0.208,105.36737001971196,7846.311837455832,0.3118756476683938,3.567638483965014,3.209314685314685
2016-08-01,941.88,44.7,96.02,3.2266,77.8,97.9,-0.122,105.77189331365832,8672.239399293288,0.3969326424870467,2.9968163265306123,2.642965034965035
2016-09-01,955.25,48.24,95.46,3.2589,114.1,83.8,-0.543,103.9742804846577,9250.388692579509,1.417616580310881,2.4735626822157437,2.1898853146853146
2016-10-01,1011.88,46.86,98.44,3.1878,157.8,70.8,-0.237,102.92185731351545,9498.166961130742,1.3042072538860106,1.997877551020408,1.774562237762238
2016-11-01,1033.75,49.44,101.5,3.3827,170.6,60.2,0.059,101.80693565416072,9745.94522968198,1.1624455958549225,1.569760932944606,1.4347524475524478
2016-12-01,1005.1,53.72,102.21,3.2532,194.0,42.6,0.474,100.30502295840586,9085.203180212016,0.9923316062176164,1.3319183673469388,1.2082125874125875
2017-01-01,1024.6,52.81,99.51,3.1507,207.1,32.2,0.753,99.66794001913172,6234.076855123676,0.9266580310880828,1.203753644314869,0.9958321678321678
2017-02-01,1036.38,54.01,101.12,3.1086,196.6,37.0,-0.024,98.00958935042084,5984.713780918729,0.7825112262521589,1.6852551020408164,1.1618041958041958
2017-03-01,945.88,50.6,100.35,3.123,183.6,60.4,-0.392,98.25901362108893,6234.076855123676,0.6589568221070811,2.8890087463556853,1.65972027972028
2017-04-01,957.12,49.33,99.05,3.1758,160.2,85.0,-0.068,95.30530762567632,6483.439929328623,0.5559948186528496,4.092762390670554,2.48958041958042
2017-05-01,915.88,48.32,96.92,3.2262,106.3,109.5,0.158,92.27244482913406,7065.287102473499,0.4736252158894646,4.815014577259476,3.153468531468532
2017-06-01,948.38,46.04,95.63,3.3063,80.4,116.3,0.316,91.51936152191972,7647.134275618376,0.4118480138169257,4.237212827988339,3.3194405594405603
2017-07-01,998.38,50.17,92.86,3.1259,67.4,102.7,1.763,91.5866817717268,7896.497349823323,0.4530328151986182,3.611260932944607,2.821524475524476
2017-08-01,946.62,47.23,92.67,3.1474,77.8,97.9,1.462,91.6868205271841,8727.707597173146,0.576587219343696,3.0334591836734703,2.323608391608392
2017-09-01,966.88,51.67,93.08,3.1614,114.1,83.8,1.478,90.44548901281776,9309.554770318024,2.059240069084628,2.5038075801749278,1.9252755244755249
2017-10-01,984.62,54.38,94.55,3.2724,157.8,70.8,1.416,89.54392663822163,9558.917844522968,1.8945008635578584,2.02230612244898,1.5601370629370632
2017-11-01,985.62,57.4,93.05,3.2726,170.6,60.2,1.252,88.46733206431801,9808.280918727916,1.6885768566493953,1.588954810495627,1.261387412587413
2017-12-01,962.5,60.42,92.12,3.3121,194.0,42.6,0.75,87.54429677003708,9143.312720848058,1.4414680483592397,1.3482040816326537,1.0622209790209791
2018-01-01,996.75,64.73,89.13,3.1858,207.1,32.2,0.829,84.07631556931284,5468.440812720849,1.9566839378238343,1.215634110787172,1.2113706293706292
2018-02-01,1055.0,61.64,90.61,3.2458,196.6,37.0,0.271,84.26701533407575,5249.703180212015,1.6523108808290157,1.7018877551020406,1.4132657342657342
2018-03-01,1044.75,64.94,89.97,3.3046,183.6,60.4,0.095,81.6340415418683,5468.440812720849,1.391419689119171,2.9175218658892126,2.0189510489510494
2018-04-01,1048.5,68.57,91.84,3.5066,160.2,85.0,-0.128,75.44938243862545,5687.178445229683,1.1740103626943004,4.133155976676385,3.0284265734265734
2018-05-01,1019.5,67.04,93.98,3.7225,106.3,109.5,-0.057,73.46580081439274,6197.566254416962,1.0000829015544042,4.862536443148688,3.836006993006993
2018-06-01,862.75,74.15,94.64,3.8765,80.4,116.3,0.886,87.8522345648202,6707.954063604241,0.8696373056994819,4.279032069970845,4.037902097902099
2018-07-01,907.5,68.76,94.49,3.7557,67.4,102.7,-0.127,88.74688098847713,6926.691696113076,0.95660103626943,3.646902332361516,3.432216783216784
2018-08-01,845.5,69.8,95.14,4.0545,77.8,97.9,0.186,88.84869496239364,7655.817137809189,1.2174922279792746,3.063397959183673,2.8265314685314684
2018-09-01,844.25,73.25,95.13,4.0477,114.1,83.8,-0.515,87.31691246325133,8166.204946996469,4.348186528497409,2.528518950437318,2.3419832167832166
2018-10-01,851.5,65.31,97.13,3.7218,157.8,70.8,-0.549,85.65339114889397,8384.942579505301,4.000331606217617,2.0422653061224487,1.8978139860139864
2018-11-01,893.25,50.93,97.27,3.8662,170.6,60.2,0.051,85.67756600105716,8603.680212014135,3.5655129533678758,1.6046370262390668,1.5344027972027974
2018-12-01,894.0,45.41,96.17,3.8804,194.0,42.6,0.061,83.3763536074654,8020.379858657246,3.043730569948186,1.3615102040816327,1.2921286713286713
2019-01-01,915.75,53.79,95.58,3.6439,207.1,32.2,-0.388,82.46366049452196,6528.180212014136,1.1391450777202072,0.7447157434402332,1.1131048951048952
2019-02-01,910.0,57.22,96.16,3.7511,196.6,37.0,-0.558,80.5503423950588,6267.05300353357,0.961944732297064,1.0426020408163263,1.2986223776223778
2019-03-01,883.88,60.14,97.28,3.9238,183.6,60.4,-0.119,79.58501386270882,6528.180212014136,0.8100587219343696,1.7873177842565595,1.8551748251748257
2019-04-01,854.5,63.91,97.48,3.9207,160.2,85.0,-0.375,78.52763203333458,6789.307420494702,0.6834870466321243,2.5320335276967927,2.7827622377622383
2019-05-01,878.25,53.5,97.75,3.9218,106.3,109.5,-0.176,79.32614840363019,7398.604240282686,0.5822297063903281,2.9788629737609327,3.524832167832169
2019-06-01,881.88,58.47,96.13,3.8518,80.4,116.3,-0.105,79.11721351779383,8007.901060070672,0.5062867012089811,2.621399416909621,3.7103496503496514
2019-07-01,880.25,58.58,98.52,3.8125,67.4,102.7,-0.334,78.47816745466417,8269.028268551237,0.5569153713298791,2.2341472303206995,3.1537972027972034
2019-08-01,868.25,55.1,98.92,4.1445,77.8,97.9,0.624,77.72053419112827,9139.45229681979,0.7088013816925735,1.876683673469388,2.5972447552447555
2019-09-01,904.25,54.07,99.38,4.1551,114.1,83.8,0.69,77.47531168284115,9748.749116607776,2.5314335060449045,1.549008746355685,2.152002797202797
2019-10-01,931.75,54.18,97.35,4.0174,157.8,70.8,-0.327,76.68171428960457,10009.876325088338,2.3289188255613125,1.2511224489795918,1.7438643356643355
2019-11-01,876.62,55.17,98.27,4.2364,170.6,60.2,-0.154,76.82642798994473,10271.003533568904,2.075775474956822,0.9830247813411076,1.4099328671328677
2019-12-01,943.5,61.06,96.39,4.019,194.0,42.6,-0.373,78.56791471677307,9574.664310954066,1.7720034542314331,0.8340816326530613,1.1873118881118885
2020-01-01,872.62,51.56,97.39,4.282,207.1,32.2,0.08,80.19240901649135,660.8215547703181,0.5435751295336787,1.0724125364431485,1.042153846153846
2020-02-01,893.12,44.76,98.13,4.4733,196.6,37.0,-0.261,79.06759947973218,634.3886925795053,0.4590189982728843,1.5013775510204077,1.2158461538461538
2020-03-01,885.5,20.48,99.05,5.2046,183.6,60.4,-0.229,73.24394151040089,660.8215547703181,0.3865423143350603,2.573790087463556,1.7369230769230772
2020-04-01,855.5,18.84,99.02,5.4858,160.2,85.0,0.042,71.74733146038112,687.2544169611309,0.3261450777202072,3.6462026239067047,2.605384615384616
2020-05-01,840.5,35.49,98.34,5.3361,106.3,109.5,0.376,69.60899375750827,748.9310954063604,0.2778272884283246,4.289650145772594,3.300153846153846
2020-06-01,883.0,39.27,97.39,5.4661,80.4,116.3,-0.217,70.1223597732774,810.6077738515902,0.2415889464594127,3.774892128279883,3.4738461538461545
2020-07-01,897.25,40.27,93.35,5.224,67.4,102.7,-0.286,69.01518871150326,837.040636042403,0.265747841105354,3.217237609329445,2.9527692307692317
2020-08-01,952.5,42.61,92.14,5.4914,77.8,97.9,-0.39,71.20406667318578,925.1501766784454,0.3382245250431778,2.7024795918367346,2.431692307692308
2020-09-01,1021.75,40.22,93.89,5.6112,114.1,83.8,-0.534,73.24470485529802,986.8268551236752,1.2079447322970636,2.230618075801749,2.014830769230769
2020-10-01,1056.88,35.79,94.04,5.7446,157.8,70.8,0.332,73.3732525493391,1013.2597173144876,1.1113091537132986,1.8016530612244892,1.6327076923076924
2020-11-01,1168.75,45.34,91.87,5.3319,170.6,60.2,0.394,78.80624917866655,1039.6925795053005,0.9905146804835924,1.415584548104956,1.3200615384615386
2020-12-01,1310.25,48.52,89.94,5.1937,194.0,42.6,-0.228,84.44445564828192,969.2049469964668,0.8455613126079444,1.2011020408163269,1.1116307692307692
2021-01-01,1364.38,52.2,90.58,5.4625,207.1,32.2,0.207,84.48884758287545,5982.575088339224,0.5804145077720207,0.9980320699708456,0.994027972027972
2021-02-01,1407.88,61.5,90.88,5.5986,196.6,37.0,0.994,82.16455979659756,5743.272084805654,0.4901278065630398,1.3972448979591836,1.1596993006993008
2021-03-01,1436.75,59.16,93.23,5.6315,183.6,60.4,1.109,80.76355306381998,5982.575088339224,0.4127392055267703,2.395276967930029,1.6567132867132872
2021-04-01,1535.62,63.58,91.28,5.4366,160.2,85.0,0.168,82.58039198297955,6221.878091872793,0.3482487046632124,3.3933090379008743,2.4850699300699306
2021-05-01,1528.5,66.32,90.03,5.2172,106.3,109.5,-0.076,83.46514157033363,6780.251766784453,0.2966563039723661,3.9921282798833824,3.147755244755245
2021-06-01,1393.5,73.47,92.44,4.9686,80.4,116.3,0.454,95.17357839731004,7338.625441696114,0.2579620034542315,3.513072886297377,3.3134265734265744
2021-07-01,1348.38,73.95,92.17,5.2123,67.4,102.7,0.035,95.69752794649376,7577.928445229683,0.2837582037996545,2.994096209912537,2.816412587412588
2021-08-01,1293.5,68.5,92.63,5.1492,77.8,97.9,0.202,95.74542940681624,8375.605123674914,0.361146804835924,2.515040816326531,2.3193986013986017
2021-09-01,1257.0,75.03,94.23,5.4428,114.1,83.8,0.451,94.57137138451154,8933.978798586575,1.289810017271157,2.0759067055393587,1.9217874125874128
2021-10-01,1235.75,83.57,94.12,5.6372,157.8,70.8,-0.055,93.22427764725305,9173.281802120142,1.1866252158894646,1.6766938775510205,1.5573104895104897
2021-11-01,1217.25,66.18,95.99,5.6239,170.6,60.2,-0.062,93.16937956559264,9412.58480565371,1.0576442141623488,1.317402332361516,1.259102097902098
2021-12-01,1328.75,75.21,95.97,5.5703,194.0,42.6,-1.34,95.18371693897804,8774.443462897529,0.90286701208981,1.1177959183673472,1.0602965034965035
2022-01-01,1490.5,88.15,96.54,5.3041,207.1,32.2,-1.348,98.3447569108313,69.23586572438164,0.5588082901554405,1.3411443148688047,0.713160839160839
2022-02-01,1644.25,95.72,96.71,5.1599,196.6,37.0,-1.045,102.73767212984916,66.46643109540636,0.4718825561312609,1.8776020408163263,0.8320209790209789
2022-03-01,1618.25,100.28,98.31,4.739,183.6,60.4,-1.23,102.146605565521,69.23586572438164,0.3973747841105354,3.218746355685131,1.1886013986013988
2022-04-01,1684.75,104.69,102.96,4.9721,160.2,85.0,-0.208,102.2619653097851,72.00530035335692,0.3352849740932643,4.559890670553935,1.782902097902098
2022-05-01,1687.0,114.67,101.75,4.7315,106.3,109.5,-0.718,101.08673043862842,78.46731448763252,0.2856131260794474,5.364577259475219,2.258342657342657
2022-06-01,1560.5,105.76,104.69,5.2562,80.4,116.3,-0.678,105.22935118130673,84.92932862190814,0.2483592400690847,4.7208279883381925,2.3772027972027976
2022-07-01,1468.5,98.62,105.9,5.1734,67.4,102.7,-0.423,108.79033014523216,87.6987632508834,0.2731951640759931,4.023432944606414,2.0206223776223777
2022-08-01,1422.5,89.55,108.7,5.1831,77.8,97.9,0.281,106.86689794916865,96.9302120141343,0.3477029360967185,3.3796836734693887,1.664041958041958
2022-09-01,1364.75,79.49,112.12,5.4154,114.1,83.8,-0.378,106.12966232089886,103.39222614840992,1.2417962003454233,2.7895801749271136,1.3787776223776222
2022-10-01,1419.5,86.53,111.53,5.1791,157.8,70.8,0.201,104.61125553237524,106.16166077738517,1.1424525043177896,2.253122448979592,1.1172853146853148
2022-11-01,1469.5,80.56,105.95,5.1851,170.6,60.2,0.145,103.4026015070771,108.93109540636044,1.0182728842832471,1.770310495626822,0.903337062937063
2022-12-01,1524.0,80.47,103.52,5.286,194.0,42.6,-0.291,102.68103713252822,101.54593639575974,0.8692573402417962,1.5020816326530615,0.7607048951048951
2023-01-01,1538.0,80.11,102.1,5.0731,207.1,32.2,-0.019,99.9443133229949,7.420494699646644,0.724274611398964,1.0831632653061225,1.0089650349650348
2023-02-01,1479.5,77.05,104.87,5.2367,196.6,37.0,0.066,98.564697588187,7.123674911660778,0.6116096718480141,1.5164285714285712,1.177125874125874
2023-03-01,1505.5,75.67,102.51,5.0631,183.6,60.4,-0.194,91.2000394621993,7.420494699646644,0.5150397236614854,2.5995918367346937,1.6816083916083917
2023-04-01,1419.25,76.78,101.66,4.9865,160.2,85.0,-0.108,91.8701380495274,7.71731448763251,0.4345647668393784,3.682755102040816,2.522412587412587
2023-05-01,1299.75,68.09,104.33,5.0574,106.3,109.5,-0.23,95.20554970902104,8.409893992932863,0.3701848013816927,4.33265306122449,3.195055944055944
2023-06-01,1442.0,70.64,102.91,4.786,80.4,116.3,-0.115,101.5989692926967,9.102473498233216,0.3218998272884285,3.812734693877551,3.3632167832167834
2023-07-01,1331.75,81.8,101.86,4.7241,67.4,102.7,0.184,103.0638743005414,9.399293286219082,0.3540898100172712,3.2494897959183677,2.858734265734266
2023-08-01,1368.75,83.63,103.62,4.9544,77.8,97.9,0.763,102.30984285137212,10.388692579505303,0.4506597582037999,2.729571428571429,2.354251748251748
2023-09-01,1275.0,90.79,106.22,5.032,114.1,83.8,0.039,101.65417925471324,11.081272084805656,1.6094991364421418,2.2529795918367346,1.950665734265734
2023-10-01,1310.5,81.02,106.66,5.035,157.8,70.8,0.881,99.78694343276617,11.37809187279152,1.4807392055267707,1.8197142857142856,1.580711888111888
2023-11-01,1342.75,75.96,103.5,4.9205,170.6,60.2,-0.164,95.8457491722626,11.674911660777386,1.3197892918825564,1.4297755102040814,1.2780223776223778
2023-12-01,1293.5,71.65,101.33,4.8521,194.0,42.6,-0.176,94.69766408107536,10.883392226148413,1.1266493955094992,1.2131428571428573,1.0762293706293706
2024-01-01,1232.75,75.85,103.27,4.9526,207.1,32.2,0.112,93.56116909834606,7.155477031802121,0.6694818652849742,1.341508746355685,0.9688111888111886
2024-02-01,1128.25,78.26,104.16,4.9716,196.6,37.0,0.191,94.4951958384722,6.869257950530036,0.5653402417962006,1.8781122448979584,1.13027972027972
2024-03-01,1205.25,83.17,104.55,5.0153,183.6,60.4,-0.115,92.30260602719156,7.155477031802121,0.4760759930915372,3.2196209912536435,1.6146853146853146
2024-04-01,1163.0,81.93,106.22,5.1934,160.2,85.0,-0.164,87.23254874097215,7.441696113074207,0.4016891191709845,4.5611297376093285,2.422027972027972
2024-05-01,1203.5,76.99,104.67,5.2443,106.3,109.5,-0.312,86.50607436899156,8.109540636042404,0.3421796200345424,5.36603498542274,3.067902097902097
2024-06-01,1150.5,81.54,105.87,5.5925,80.4,116.3,-0.454,83.53896671985298,8.777385159010601,0.2975474956822108,4.722110787172011,3.229370629370629
2024-07-01,1014.5,77.91,104.1,5.65,67.4,102.7,0.022,90.12289816245544,9.063604240282688,0.3273022452504318,4.024526239067054,2.7449650349650345
2024-08-01,982.0,73.55,101.7,5.6103,77.8,97.9,0.158,90.48030925721162,10.01766784452297,0.4165664939550951,3.380602040816327,2.26055944055944
2024-09-01,1057.0,68.17,100.78,5.4482,114.1,83.8,-0.166,92.2372960915597,10.68551236749117,1.4877374784110535,2.7903381924198243,1.8730349650349647
2024-10-01,982.5,69.26,103.98,5.7867,157.8,70.8,0.243,93.27400696608991,10.97173144876325,1.3687184801381695,2.2537346938775507,1.5178041958041957
2024-11-01,989.5,68.0,105.74,5.973,170.6,60.2,0.293,92.3162338827866,11.257950530035336,1.219944732297064,1.770791545189504,1.227160839160839
2024-12-01,998.25,71.72,108.49,6.1778,194.0,42.6,0.53,90.43235335729284,10.494699646643111,1.0414162348877376,1.5024897959183674,1.0333986013986012
